{"name":"vendor_library","content":{"./node_modules/perfect-scrollbar/src/js/plugin/instances.js":{"id":0,"meta":{}},"./node_modules/perfect-scrollbar/src/js/lib/helper.js":{"id":1,"meta":{}},"./node_modules/perfect-scrollbar/src/js/plugin/update-geometry.js":{"id":2,"meta":{}},"./node_modules/perfect-scrollbar/src/js/plugin/update-scroll.js":{"id":3,"meta":{}},"./node_modules/perfect-scrollbar/src/js/lib/dom.js":{"id":4,"meta":{}},"./node_modules/perfect-scrollbar/src/js/lib/class.js":{"id":5,"meta":{}},"./node_modules/angular/index.js":{"id":6,"meta":{}},"./node_modules/angular-animate/index.js":{"id":7,"meta":{}},"./node_modules/angular-cookies/index.js":{"id":8,"meta":{}},"./node_modules/angular-sanitize/index.js":{"id":9,"meta":{}},"./node_modules/angular-translate/dist/angular-translate-loader-static-files/angular-translate-loader-static-files.js":{"id":10,"meta":{}},"./node_modules/angular-translate/dist/angular-translate.js":{"id":11,"meta":{}},"./node_modules/angular-ui-router/release/angular-ui-router.js":{"id":12,"meta":{}},"./node_modules/ng-dialog/js/ngDialog.js":{"id":13,"meta":{}},"./node_modules/perfect-scrollbar/index.js":{"id":14,"meta":{}},"./node_modules/angular-animate/angular-animate.js":{"id":15,"meta":{}},"./node_modules/angular-cookies/angular-cookies.js":{"id":16,"meta":{}},"./node_modules/angular-sanitize/angular-sanitize.js":{"id":17,"meta":{}},"./node_modules/angular/angular.js":{"id":18,"meta":{}},"./node_modules/perfect-scrollbar/src/js/lib/event-manager.js":{"id":19,"meta":{}},"./node_modules/perfect-scrollbar/src/js/lib/guid.js":{"id":20,"meta":{}},"./node_modules/perfect-scrollbar/src/js/main.js":{"id":21,"meta":{}},"./node_modules/perfect-scrollbar/src/js/plugin/default-setting.js":{"id":22,"meta":{}},"./node_modules/perfect-scrollbar/src/js/plugin/destroy.js":{"id":23,"meta":{}},"./node_modules/perfect-scrollbar/src/js/plugin/handler/click-rail.js":{"id":24,"meta":{}},"./node_modules/perfect-scrollbar/src/js/plugin/handler/drag-scrollbar.js":{"id":25,"meta":{}},"./node_modules/perfect-scrollbar/src/js/plugin/handler/keyboard.js":{"id":26,"meta":{}},"./node_modules/perfect-scrollbar/src/js/plugin/handler/mouse-wheel.js":{"id":27,"meta":{}},"./node_modules/perfect-scrollbar/src/js/plugin/handler/native-scroll.js":{"id":28,"meta":{}},"./node_modules/perfect-scrollbar/src/js/plugin/handler/selection.js":{"id":29,"meta":{}},"./node_modules/perfect-scrollbar/src/js/plugin/handler/touch.js":{"id":30,"meta":{}},"./node_modules/perfect-scrollbar/src/js/plugin/initialize.js":{"id":31,"meta":{}},"./node_modules/perfect-scrollbar/src/js/plugin/update.js":{"id":32,"meta":{}}}}