-- MySQL dump 10.13  Distrib 5.7.31, for Linux (x86_64)
--
-- Host: 172.26.5.45    Database: guardian
-- ------------------------------------------------------
-- Server version	5.6.47-87.0-log

/*!40101 SET @OLD_CHARACTER_SET_CLIENT=@@CHARACTER_SET_CLIENT */;
/*!40101 SET @OLD_CHARACTER_SET_RESULTS=@@CHARACTER_SET_RESULTS */;
/*!40101 SET @OLD_COLLATION_CONNECTION=@@COLLATION_CONNECTION */;
/*!40101 SET NAMES utf8 */;
/*!40103 SET @OLD_TIME_ZONE=@@TIME_ZONE */;
/*!40103 SET TIME_ZONE='+00:00' */;
/*!40014 SET @OLD_UNIQUE_CHECKS=@@UNIQUE_CHECKS, UNIQUE_CHECKS=0 */;
/*!40014 SET @OLD_FOREIGN_KEY_CHECKS=@@FOREIGN_KEY_CHECKS, FOREIGN_KEY_CHECKS=0 */;
/*!40101 SET @OLD_SQL_MODE=@@SQL_MODE, SQL_MODE='NO_AUTO_VALUE_ON_ZERO' */;
/*!40111 SET @OLD_SQL_NOTES=@@SQL_NOTES, SQL_NOTES=0 */;

--
-- Current Database: `guardian`
--

CREATE DATABASE /*!32312 IF NOT EXISTS*/ `guardian` /*!40100 DEFAULT CHARACTER SET utf8 */;

USE `guardian`;

--
-- Table structure for table `flyway_schema_history`
--

DROP TABLE IF EXISTS `flyway_schema_history`;
/*!40101 SET @saved_cs_client     = @@character_set_client */;
/*!40101 SET character_set_client = utf8 */;
CREATE TABLE `flyway_schema_history` (
  `installed_rank` int(11) NOT NULL,
  `version` varchar(50) DEFAULT NULL,
  `description` varchar(200) NOT NULL,
  `type` varchar(20) NOT NULL,
  `script` varchar(1000) NOT NULL,
  `checksum` int(11) DEFAULT NULL,
  `installed_by` varchar(100) NOT NULL,
  `installed_on` timestamp NOT NULL DEFAULT CURRENT_TIMESTAMP,
  `execution_time` int(11) NOT NULL,
  `success` tinyint(1) NOT NULL,
  PRIMARY KEY (`installed_rank`),
  KEY `flyway_schema_history_s_idx` (`success`)
) ENGINE=InnoDB DEFAULT CHARSET=utf8;
/*!40101 SET character_set_client = @saved_cs_client */;

--
-- Dumping data for table `flyway_schema_history`
--

LOCK TABLES `flyway_schema_history` WRITE;
/*!40000 ALTER TABLE `flyway_schema_history` DISABLE KEYS */;
INSERT INTO `flyway_schema_history` VALUES (1,'1','guardian server schema','SQL','V1__guardian_server_schema.sql',-1774466896,'root','2020-09-16 06:53:25',120,1),(2,'2','guardian server schema','SQL','V2__guardian_server_schema.sql',1162692341,'root','2020-09-16 06:53:25',18,1),(3,'3','guardian server schema','SQL','V3__guardian_server_schema.sql',323924825,'root','2020-09-16 06:53:27',1207,1),(4,'4','guardian server schema','SQL','V4__guardian_server_schema.sql',-2087855070,'root','2020-09-16 06:53:27',276,1),(5,'5','guardian server schema','SQL','V5__guardian_server_schema.sql',297180559,'root','2020-09-16 06:53:29',1473,1),(6,'6','label support','SQL','V6__label_support.sql',1593269673,'root','2020-09-16 06:53:29',335,1);
/*!40000 ALTER TABLE `flyway_schema_history` ENABLE KEYS */;
UNLOCK TABLES;

--
-- Table structure for table `gs_abac_policies`
--

DROP TABLE IF EXISTS `gs_abac_policies`;
/*!40101 SET @saved_cs_client     = @@character_set_client */;
/*!40101 SET character_set_client = utf8 */;
CREATE TABLE `gs_abac_policies` (
  `policy_id` bigint(20) unsigned NOT NULL AUTO_INCREMENT,
  `version` varchar(50) NOT NULL,
  `name` varchar(100) NOT NULL,
  `description` varchar(255) DEFAULT NULL,
  `owner` varchar(255) DEFAULT NULL,
  `create_time` datetime NOT NULL,
  `update_time` datetime NOT NULL,
  PRIMARY KEY (`policy_id`),
  KEY `gs_abac_policies_policy_version_idx` (`version`),
  CONSTRAINT `gs_abac_policies_policy_version` FOREIGN KEY (`version`) REFERENCES `gs_policy_version` (`version`) ON UPDATE CASCADE
) ENGINE=InnoDB AUTO_INCREMENT=2 DEFAULT CHARSET=utf8;
/*!40101 SET character_set_client = @saved_cs_client */;

--
-- Dumping data for table `gs_abac_policies`
--

LOCK TABLES `gs_abac_policies` WRITE;
/*!40000 ALTER TABLE `gs_abac_policies` DISABLE KEYS */;
/*!40000 ALTER TABLE `gs_abac_policies` ENABLE KEYS */;
UNLOCK TABLES;

--
-- Table structure for table `gs_access_token`
--

DROP TABLE IF EXISTS `gs_access_token`;
/*!40101 SET @saved_cs_client     = @@character_set_client */;
/*!40101 SET character_set_client = utf8 */;
CREATE TABLE `gs_access_token` (
  `id` bigint(20) unsigned NOT NULL AUTO_INCREMENT,
  `name` varchar(255) NOT NULL,
  `content` blob NOT NULL,
  `owner` varchar(255) NOT NULL,
  `status` varchar(50) NOT NULL DEFAULT 'ACTIVE',
  `src_pattern` text,
  `dst_pattern` text,
  `expired_time` datetime DEFAULT NULL,
  `issued_time` datetime DEFAULT NULL,
  `hidden` tinyint(1) NOT NULL DEFAULT '1',
  PRIMARY KEY (`id`)
) ENGINE=InnoDB AUTO_INCREMENT=5 DEFAULT CHARSET=utf8;
/*!40101 SET character_set_client = @saved_cs_client */;

--
-- Dumping data for table `gs_access_token`
--

LOCK TABLES `gs_access_token` WRITE;
/*!40000 ALTER TABLE `gs_access_token` DISABLE KEYS */;
/*!40000 ALTER TABLE `gs_access_token` ENABLE KEYS */;
UNLOCK TABLES;

--
-- Table structure for table `gs_audit_record`
--

DROP TABLE IF EXISTS `gs_audit_record`;
/*!40101 SET @saved_cs_client     = @@character_set_client */;
/*!40101 SET character_set_client = utf8 */;
CREATE TABLE `gs_audit_record` (
  `id` bigint(20) unsigned NOT NULL AUTO_INCREMENT,
  `timestamp` datetime NOT NULL DEFAULT '0000-00-00 00:00:00',
  `field` varchar(50) DEFAULT NULL,
  `requestClass` varchar(255) DEFAULT NULL,
  `user` varchar(255) DEFAULT NULL,
  `serverIp` varchar(40) DEFAULT NULL,
  `clientIp` varchar(40) DEFAULT NULL,
  `level` varchar(50) DEFAULT NULL,
  `operation` text,
  `statusCode` int(11) DEFAULT NULL,
  `errorCode` int(11) DEFAULT NULL,
  PRIMARY KEY (`id`,`timestamp`)
) ENGINE=InnoDB DEFAULT CHARSET=utf8
/*!50500 PARTITION BY RANGE  COLUMNS(`timestamp`)
(PARTITION p200001 VALUES LESS THAN ('2000-02-01') ENGINE = InnoDB) */;
/*!40101 SET character_set_client = @saved_cs_client */;

--
-- Dumping data for table `gs_audit_record`
--

LOCK TABLES `gs_audit_record` WRITE;
/*!40000 ALTER TABLE `gs_audit_record` DISABLE KEYS */;
/*!40000 ALTER TABLE `gs_audit_record` ENABLE KEYS */;
UNLOCK TABLES;

--
-- Table structure for table `gs_change_list`
--

DROP TABLE IF EXISTS `gs_change_list`;
/*!40101 SET @saved_cs_client     = @@character_set_client */;
/*!40101 SET character_set_client = utf8 */;
CREATE TABLE `gs_change_list` (
  `version` bigint(20) unsigned NOT NULL AUTO_INCREMENT,
  `timestamp` bigint(20) unsigned DEFAULT NULL,
  `component` varchar(255) DEFAULT NULL,
  `entity` text,
  `cacheStatus` varchar(50) DEFAULT NULL,
  `type` varchar(50) DEFAULT NULL,
  PRIMARY KEY (`version`)
) ENGINE=InnoDB AUTO_INCREMENT=664 DEFAULT CHARSET=utf8;
/*!40101 SET character_set_client = @saved_cs_client */;

--
-- Dumping data for table `gs_change_list`
--

LOCK TABLES `gs_change_list` WRITE;
/*!40000 ALTER TABLE `gs_change_list` DISABLE KEYS */;
INSERT INTO `gs_change_list` VALUES (587,1600329041892,'inceptor1','{\"dataSource\":[\"INCEPTOR_SCHEDULER_USER\"]}',NULL,'QUOTA'),(588,1600329041908,'inceptor1','{\"dataSource\":[\"FAIR_SCHEDULER\"]}',NULL,'QUOTA'),(589,1600329041930,'inceptor1','{\"dataSource\":[\"FAIR_SCHEDULER\",\"production\"]}',NULL,'QUOTA'),(590,1600329041962,'inceptor1','{\"dataSource\":[\"FAIR_SCHEDULER\",\"test\"]}',NULL,'QUOTA'),(591,1600329041978,'inceptor1','{\"dataSource\":[\"FAIR_SCHEDULER_PROPERTIES\"]}',NULL,'QUOTA'),(592,1600329041994,'inceptor1','{\"dataSource\":[\"FAIR_SCHEDULER_USER\"]}',NULL,'QUOTA'),(593,1600329520031,'inceptor1','{\"users\":[\"lzb\"],\"permVo\":{\"dataSource\":[\"GLOBAL\"],\"action\":\"ACCESS\"},\"status\":\"GRANTED\"}',NULL,'PERM'),(594,1600329520031,'hyperbase1','{\"users\":[\"lzb\"],\"permVo\":{\"dataSource\":[\"GLOBAL\"],\"action\":\"ACCESS\"},\"status\":\"GRANTED\"}',NULL,'PERM'),(595,1600329520031,'hdfs1','{\"users\":[\"lzb\"],\"permVo\":{\"dataSource\":[\"GLOBAL\"],\"action\":\"ACCESS\"},\"status\":\"GRANTED\"}',NULL,'PERM'),(596,1600329520031,'inceptor1','{\"users\":[\"lzb\"],\"permVo\":{\"dataSource\":[\"TABLE_OR_VIEW\",\"default\"],\"action\":\"CREATE\"},\"status\":\"GRANTED\"}',NULL,'PERM'),(597,1600329520031,'yarn1','{\"users\":[\"lzb\"],\"permVo\":{\"dataSource\":[\"GLOBAL\"],\"action\":\"ACCESS\"},\"status\":\"GRANTED\"}',NULL,'PERM'),(598,1600329520031,'inceptor1','{\"users\":[\"lzb\"],\"permVo\":{\"dataSource\":[\"TABLE_OR_VIEW\",\"default\"],\"action\":\"SELECT\"},\"status\":\"GRANTED\"}',NULL,'PERM'),(599,1600329520031,'inceptor1','{\"users\":[\"lzb\"],\"permVo\":{\"dataSource\":[\"TABLE_OR_VIEW\",\"system\"],\"action\":\"SELECT\"},\"status\":\"GRANTED\"}',NULL,'PERM'),(600,1600329520031,'yarn1','{\"users\":[\"lzb\"],\"permVo\":{\"dataSource\":[\"QUEUE\",\"root\",\"default\"],\"action\":\"SUBMIT\"},\"status\":\"GRANTED\"}',NULL,'PERM'),(601,1600329553763,'hdfs1','{\"users\":[\"lzb\"],\"permVo\":{\"dataSource\":[\"GLOBAL\"],\"action\":\"ADMIN\"},\"status\":\"GRANTED\"}',NULL,'PERM'),(602,1600331517383,'inceptor1','{\"dataSource\":[\"INCEPTOR_SCHEDULER_USER\"]}',NULL,'QUOTA'),(603,1600331517426,'inceptor1','{\"dataSource\":[\"FAIR_SCHEDULER\"]}',NULL,'QUOTA'),(604,1600331517455,'inceptor1','{\"dataSource\":[\"FAIR_SCHEDULER\",\"production\"]}',NULL,'QUOTA'),(605,1600331517475,'inceptor1','{\"dataSource\":[\"FAIR_SCHEDULER\",\"test\"]}',NULL,'QUOTA'),(606,1600331517491,'inceptor1','{\"dataSource\":[\"FAIR_SCHEDULER_PROPERTIES\"]}',NULL,'QUOTA'),(607,1600331517507,'inceptor1','{\"dataSource\":[\"FAIR_SCHEDULER_USER\"]}',NULL,'QUOTA'),(608,1600331669987,'inceptor1','{\"users\":[\"test1\"],\"permVo\":{\"dataSource\":[\"GLOBAL\"],\"action\":\"ACCESS\"},\"status\":\"GRANTED\"}',NULL,'PERM'),(609,1600331669987,'hyperbase1','{\"users\":[\"test1\"],\"permVo\":{\"dataSource\":[\"GLOBAL\"],\"action\":\"ACCESS\"},\"status\":\"GRANTED\"}',NULL,'PERM'),(610,1600331669987,'hdfs1','{\"users\":[\"test1\"],\"permVo\":{\"dataSource\":[\"GLOBAL\"],\"action\":\"ACCESS\"},\"status\":\"GRANTED\"}',NULL,'PERM'),(611,1600331669987,'inceptor1','{\"users\":[\"test1\"],\"permVo\":{\"dataSource\":[\"TABLE_OR_VIEW\",\"default\"],\"action\":\"CREATE\"},\"status\":\"GRANTED\"}',NULL,'PERM'),(612,1600331669987,'yarn1','{\"users\":[\"test1\"],\"permVo\":{\"dataSource\":[\"GLOBAL\"],\"action\":\"ACCESS\"},\"status\":\"GRANTED\"}',NULL,'PERM'),(613,1600331669987,'inceptor1','{\"users\":[\"test1\"],\"permVo\":{\"dataSource\":[\"TABLE_OR_VIEW\",\"default\"],\"action\":\"SELECT\"},\"status\":\"GRANTED\"}',NULL,'PERM'),(614,1600331669987,'inceptor1','{\"users\":[\"test1\"],\"permVo\":{\"dataSource\":[\"TABLE_OR_VIEW\",\"system\"],\"action\":\"SELECT\"},\"status\":\"GRANTED\"}',NULL,'PERM'),(615,1600331669987,'yarn1','{\"users\":[\"test1\"],\"permVo\":{\"dataSource\":[\"QUEUE\",\"root\",\"default\"],\"action\":\"SUBMIT\"},\"status\":\"GRANTED\"}',NULL,'PERM'),(616,1600331708856,'inceptor1','{\"users\":[\"test2\"],\"permVo\":{\"dataSource\":[\"GLOBAL\"],\"action\":\"ACCESS\"},\"status\":\"GRANTED\"}',NULL,'PERM'),(617,1600331708856,'hyperbase1','{\"users\":[\"test2\"],\"permVo\":{\"dataSource\":[\"GLOBAL\"],\"action\":\"ACCESS\"},\"status\":\"GRANTED\"}',NULL,'PERM'),(618,1600331708856,'hdfs1','{\"users\":[\"test2\"],\"permVo\":{\"dataSource\":[\"GLOBAL\"],\"action\":\"ACCESS\"},\"status\":\"GRANTED\"}',NULL,'PERM'),(619,1600331708856,'inceptor1','{\"users\":[\"test2\"],\"permVo\":{\"dataSource\":[\"TABLE_OR_VIEW\",\"default\"],\"action\":\"CREATE\"},\"status\":\"GRANTED\"}',NULL,'PERM'),(620,1600331708856,'yarn1','{\"users\":[\"test2\"],\"permVo\":{\"dataSource\":[\"GLOBAL\"],\"action\":\"ACCESS\"},\"status\":\"GRANTED\"}',NULL,'PERM'),(621,1600331708856,'inceptor1','{\"users\":[\"test2\"],\"permVo\":{\"dataSource\":[\"TABLE_OR_VIEW\",\"default\"],\"action\":\"SELECT\"},\"status\":\"GRANTED\"}',NULL,'PERM'),(622,1600331708856,'inceptor1','{\"users\":[\"test2\"],\"permVo\":{\"dataSource\":[\"TABLE_OR_VIEW\",\"system\"],\"action\":\"SELECT\"},\"status\":\"GRANTED\"}',NULL,'PERM'),(623,1600331708856,'yarn1','{\"users\":[\"test2\"],\"permVo\":{\"dataSource\":[\"QUEUE\",\"root\",\"default\"],\"action\":\"SUBMIT\"},\"status\":\"GRANTED\"}',NULL,'PERM'),(624,1600331737054,'inceptor1','{\"users\":[\"test3306\"],\"permVo\":{\"dataSource\":[\"GLOBAL\"],\"action\":\"ACCESS\"},\"status\":\"GRANTED\"}',NULL,'PERM'),(625,1600331737055,'hyperbase1','{\"users\":[\"test3306\"],\"permVo\":{\"dataSource\":[\"GLOBAL\"],\"action\":\"ACCESS\"},\"status\":\"GRANTED\"}',NULL,'PERM'),(626,1600331737055,'hdfs1','{\"users\":[\"test3306\"],\"permVo\":{\"dataSource\":[\"GLOBAL\"],\"action\":\"ACCESS\"},\"status\":\"GRANTED\"}',NULL,'PERM'),(627,1600331737055,'inceptor1','{\"users\":[\"test3306\"],\"permVo\":{\"dataSource\":[\"TABLE_OR_VIEW\",\"default\"],\"action\":\"CREATE\"},\"status\":\"GRANTED\"}',NULL,'PERM'),(628,1600331737055,'yarn1','{\"users\":[\"test3306\"],\"permVo\":{\"dataSource\":[\"GLOBAL\"],\"action\":\"ACCESS\"},\"status\":\"GRANTED\"}',NULL,'PERM'),(629,1600331737055,'inceptor1','{\"users\":[\"test3306\"],\"permVo\":{\"dataSource\":[\"TABLE_OR_VIEW\",\"default\"],\"action\":\"SELECT\"},\"status\":\"GRANTED\"}',NULL,'PERM'),(630,1600331737055,'inceptor1','{\"users\":[\"test3306\"],\"permVo\":{\"dataSource\":[\"TABLE_OR_VIEW\",\"system\"],\"action\":\"SELECT\"},\"status\":\"GRANTED\"}',NULL,'PERM'),(631,1600331737055,'yarn1','{\"users\":[\"test3306\"],\"permVo\":{\"dataSource\":[\"QUEUE\",\"root\",\"default\"],\"action\":\"SUBMIT\"},\"status\":\"GRANTED\"}',NULL,'PERM'),(632,1600331776916,'inceptor1','{\"users\":[\"gys\"],\"permVo\":{\"dataSource\":[\"GLOBAL\"],\"action\":\"ACCESS\"},\"status\":\"GRANTED\"}',NULL,'PERM'),(633,1600331776916,'hyperbase1','{\"users\":[\"gys\"],\"permVo\":{\"dataSource\":[\"GLOBAL\"],\"action\":\"ACCESS\"},\"status\":\"GRANTED\"}',NULL,'PERM'),(634,1600331776916,'hdfs1','{\"users\":[\"gys\"],\"permVo\":{\"dataSource\":[\"GLOBAL\"],\"action\":\"ACCESS\"},\"status\":\"GRANTED\"}',NULL,'PERM'),(635,1600331776916,'inceptor1','{\"users\":[\"gys\"],\"permVo\":{\"dataSource\":[\"TABLE_OR_VIEW\",\"default\"],\"action\":\"CREATE\"},\"status\":\"GRANTED\"}',NULL,'PERM'),(636,1600331776916,'yarn1','{\"users\":[\"gys\"],\"permVo\":{\"dataSource\":[\"GLOBAL\"],\"action\":\"ACCESS\"},\"status\":\"GRANTED\"}',NULL,'PERM'),(637,1600331776916,'inceptor1','{\"users\":[\"gys\"],\"permVo\":{\"dataSource\":[\"TABLE_OR_VIEW\",\"default\"],\"action\":\"SELECT\"},\"status\":\"GRANTED\"}',NULL,'PERM'),(638,1600331776916,'inceptor1','{\"users\":[\"gys\"],\"permVo\":{\"dataSource\":[\"TABLE_OR_VIEW\",\"system\"],\"action\":\"SELECT\"},\"status\":\"GRANTED\"}',NULL,'PERM'),(639,1600331776916,'yarn1','{\"users\":[\"gys\"],\"permVo\":{\"dataSource\":[\"QUEUE\",\"root\",\"default\"],\"action\":\"SUBMIT\"},\"status\":\"GRANTED\"}',NULL,'PERM'),(640,1600331806374,'inceptor1','{\"users\":[\"zjj\"],\"permVo\":{\"dataSource\":[\"GLOBAL\"],\"action\":\"ACCESS\"},\"status\":\"GRANTED\"}',NULL,'PERM'),(641,1600331806374,'hyperbase1','{\"users\":[\"zjj\"],\"permVo\":{\"dataSource\":[\"GLOBAL\"],\"action\":\"ACCESS\"},\"status\":\"GRANTED\"}',NULL,'PERM'),(642,1600331806374,'hdfs1','{\"users\":[\"zjj\"],\"permVo\":{\"dataSource\":[\"GLOBAL\"],\"action\":\"ACCESS\"},\"status\":\"GRANTED\"}',NULL,'PERM'),(643,1600331806374,'inceptor1','{\"users\":[\"zjj\"],\"permVo\":{\"dataSource\":[\"TABLE_OR_VIEW\",\"default\"],\"action\":\"CREATE\"},\"status\":\"GRANTED\"}',NULL,'PERM'),(644,1600331806374,'yarn1','{\"users\":[\"zjj\"],\"permVo\":{\"dataSource\":[\"GLOBAL\"],\"action\":\"ACCESS\"},\"status\":\"GRANTED\"}',NULL,'PERM'),(645,1600331806374,'inceptor1','{\"users\":[\"zjj\"],\"permVo\":{\"dataSource\":[\"TABLE_OR_VIEW\",\"default\"],\"action\":\"SELECT\"},\"status\":\"GRANTED\"}',NULL,'PERM'),(646,1600331806374,'inceptor1','{\"users\":[\"zjj\"],\"permVo\":{\"dataSource\":[\"TABLE_OR_VIEW\",\"system\"],\"action\":\"SELECT\"},\"status\":\"GRANTED\"}',NULL,'PERM'),(647,1600331806374,'yarn1','{\"users\":[\"zjj\"],\"permVo\":{\"dataSource\":[\"QUEUE\",\"root\",\"default\"],\"action\":\"SUBMIT\"},\"status\":\"GRANTED\"}',NULL,'PERM'),(648,1600331828084,'inceptor1','{\"users\":[\"cyj\"],\"permVo\":{\"dataSource\":[\"GLOBAL\"],\"action\":\"ACCESS\"},\"status\":\"GRANTED\"}',NULL,'PERM'),(649,1600331828084,'hyperbase1','{\"users\":[\"cyj\"],\"permVo\":{\"dataSource\":[\"GLOBAL\"],\"action\":\"ACCESS\"},\"status\":\"GRANTED\"}',NULL,'PERM'),(650,1600331828084,'hdfs1','{\"users\":[\"cyj\"],\"permVo\":{\"dataSource\":[\"GLOBAL\"],\"action\":\"ACCESS\"},\"status\":\"GRANTED\"}',NULL,'PERM'),(651,1600331828084,'inceptor1','{\"users\":[\"cyj\"],\"permVo\":{\"dataSource\":[\"TABLE_OR_VIEW\",\"default\"],\"action\":\"CREATE\"},\"status\":\"GRANTED\"}',NULL,'PERM'),(652,1600331828084,'yarn1','{\"users\":[\"cyj\"],\"permVo\":{\"dataSource\":[\"GLOBAL\"],\"action\":\"ACCESS\"},\"status\":\"GRANTED\"}',NULL,'PERM'),(653,1600331828084,'inceptor1','{\"users\":[\"cyj\"],\"permVo\":{\"dataSource\":[\"TABLE_OR_VIEW\",\"default\"],\"action\":\"SELECT\"},\"status\":\"GRANTED\"}',NULL,'PERM'),(654,1600331828084,'inceptor1','{\"users\":[\"cyj\"],\"permVo\":{\"dataSource\":[\"TABLE_OR_VIEW\",\"system\"],\"action\":\"SELECT\"},\"status\":\"GRANTED\"}',NULL,'PERM'),(655,1600331828084,'yarn1','{\"users\":[\"cyj\"],\"permVo\":{\"dataSource\":[\"QUEUE\",\"root\",\"default\"],\"action\":\"SUBMIT\"},\"status\":\"GRANTED\"}',NULL,'PERM'),(656,1600331852949,'inceptor1','{\"users\":[\"wangb\"],\"permVo\":{\"dataSource\":[\"GLOBAL\"],\"action\":\"ACCESS\"},\"status\":\"GRANTED\"}',NULL,'PERM'),(657,1600331852949,'hyperbase1','{\"users\":[\"wangb\"],\"permVo\":{\"dataSource\":[\"GLOBAL\"],\"action\":\"ACCESS\"},\"status\":\"GRANTED\"}',NULL,'PERM'),(658,1600331852949,'hdfs1','{\"users\":[\"wangb\"],\"permVo\":{\"dataSource\":[\"GLOBAL\"],\"action\":\"ACCESS\"},\"status\":\"GRANTED\"}',NULL,'PERM'),(659,1600331852949,'inceptor1','{\"users\":[\"wangb\"],\"permVo\":{\"dataSource\":[\"TABLE_OR_VIEW\",\"default\"],\"action\":\"CREATE\"},\"status\":\"GRANTED\"}',NULL,'PERM'),(660,1600331852949,'yarn1','{\"users\":[\"wangb\"],\"permVo\":{\"dataSource\":[\"GLOBAL\"],\"action\":\"ACCESS\"},\"status\":\"GRANTED\"}',NULL,'PERM'),(661,1600331852949,'inceptor1','{\"users\":[\"wangb\"],\"permVo\":{\"dataSource\":[\"TABLE_OR_VIEW\",\"default\"],\"action\":\"SELECT\"},\"status\":\"GRANTED\"}',NULL,'PERM'),(662,1600331852949,'inceptor1','{\"users\":[\"wangb\"],\"permVo\":{\"dataSource\":[\"TABLE_OR_VIEW\",\"system\"],\"action\":\"SELECT\"},\"status\":\"GRANTED\"}',NULL,'PERM'),(663,1600331852949,'yarn1','{\"users\":[\"wangb\"],\"permVo\":{\"dataSource\":[\"QUEUE\",\"root\",\"default\"],\"action\":\"SUBMIT\"},\"status\":\"GRANTED\"}',NULL,'PERM');
/*!40000 ALTER TABLE `gs_change_list` ENABLE KEYS */;
UNLOCK TABLES;

--
-- Table structure for table `gs_cluster`
--

DROP TABLE IF EXISTS `gs_cluster`;
/*!40101 SET @saved_cs_client     = @@character_set_client */;
/*!40101 SET character_set_client = utf8 */;
CREATE TABLE `gs_cluster` (
  `cluster_id` bigint(20) unsigned NOT NULL AUTO_INCREMENT,
  `cluster_name` varchar(255) NOT NULL,
  PRIMARY KEY (`cluster_id`),
  UNIQUE KEY `gs_cluster_cluster_name_uq_idx` (`cluster_name`)
) ENGINE=InnoDB AUTO_INCREMENT=2 DEFAULT CHARSET=utf8 COMMENT='This table is used for service clusters.';
/*!40101 SET character_set_client = @saved_cs_client */;

--
-- Dumping data for table `gs_cluster`
--

LOCK TABLES `gs_cluster` WRITE;
/*!40000 ALTER TABLE `gs_cluster` DISABLE KEYS */;
INSERT INTO `gs_cluster` VALUES (1,'__DEFAULT_CLUSTER__');
/*!40000 ALTER TABLE `gs_cluster` ENABLE KEYS */;
UNLOCK TABLES;

--
-- Table structure for table `gs_condition_key`
--

DROP TABLE IF EXISTS `gs_condition_key`;
/*!40101 SET @saved_cs_client     = @@character_set_client */;
/*!40101 SET character_set_client = utf8 */;
CREATE TABLE `gs_condition_key` (
  `condition_key` varchar(50) NOT NULL,
  `description` varchar(255) DEFAULT NULL,
  PRIMARY KEY (`condition_key`)
) ENGINE=InnoDB DEFAULT CHARSET=utf8;
/*!40101 SET character_set_client = @saved_cs_client */;

--
-- Dumping data for table `gs_condition_key`
--

LOCK TABLES `gs_condition_key` WRITE;
/*!40000 ALTER TABLE `gs_condition_key` DISABLE KEYS */;
INSERT INTO `gs_condition_key` VALUES ('CurrentTime','The condition to check the current time'),('GroupName','The condition to check the group name pattern'),('Resource','The condition to check the resource pattern'),('RoleName','The condition to check the role name pattern'),('SourceIp','The condition to check the source ip address'),('UserName','The condition to check the user name pattern');
/*!40000 ALTER TABLE `gs_condition_key` ENABLE KEYS */;
UNLOCK TABLES;

--
-- Table structure for table `gs_condition_key_operator`
--

DROP TABLE IF EXISTS `gs_condition_key_operator`;
/*!40101 SET @saved_cs_client     = @@character_set_client */;
/*!40101 SET character_set_client = utf8 */;
CREATE TABLE `gs_condition_key_operator` (
  `condition_key` varchar(50) NOT NULL,
  `operator` varchar(50) NOT NULL,
  PRIMARY KEY (`condition_key`,`operator`),
  KEY `gs_condition_key_operator_condition_operator_idx` (`operator`),
  CONSTRAINT `gs_condition_key_operator_condition_key` FOREIGN KEY (`condition_key`) REFERENCES `gs_condition_key` (`condition_key`) ON UPDATE CASCADE,
  CONSTRAINT `gs_condition_key_operator_condition_operator` FOREIGN KEY (`operator`) REFERENCES `gs_condition_operator` (`operator`) ON UPDATE CASCADE
) ENGINE=InnoDB DEFAULT CHARSET=utf8;
/*!40101 SET character_set_client = @saved_cs_client */;

--
-- Dumping data for table `gs_condition_key_operator`
--

LOCK TABLES `gs_condition_key_operator` WRITE;
/*!40000 ALTER TABLE `gs_condition_key_operator` DISABLE KEYS */;
INSERT INTO `gs_condition_key_operator` VALUES ('CurrentTime','DateEquals'),('CurrentTime','DateGreaterThan'),('CurrentTime','DateGreaterThanEquals'),('CurrentTime','DateLessThan'),('CurrentTime','DateLessThanEquals'),('CurrentTime','DateNotEquals'),('SourceIp','IpAddress'),('SourceIp','NotIpAddress'),('GroupName','StringEquals'),('Resource','StringEquals'),('RoleName','StringEquals'),('UserName','StringEquals'),('GroupName','StringEqualsIgnoreCase'),('Resource','StringEqualsIgnoreCase'),('RoleName','StringEqualsIgnoreCase'),('UserName','StringEqualsIgnoreCase'),('GroupName','StringLike'),('Resource','StringLike'),('RoleName','StringLike'),('UserName','StringLike'),('GroupName','StringNotEquals'),('Resource','StringNotEquals'),('RoleName','StringNotEquals'),('UserName','StringNotEquals'),('GroupName','StringNotEqualsIgnoreCase'),('Resource','StringNotEqualsIgnoreCase'),('RoleName','StringNotEqualsIgnoreCase'),('UserName','StringNotEqualsIgnoreCase'),('GroupName','StringNotLike'),('Resource','StringNotLike'),('RoleName','StringNotLike'),('UserName','StringNotLike');
/*!40000 ALTER TABLE `gs_condition_key_operator` ENABLE KEYS */;
UNLOCK TABLES;

--
-- Table structure for table `gs_condition_operator`
--

DROP TABLE IF EXISTS `gs_condition_operator`;
/*!40101 SET @saved_cs_client     = @@character_set_client */;
/*!40101 SET character_set_client = utf8 */;
CREATE TABLE `gs_condition_operator` (
  `operator` varchar(50) NOT NULL,
  `description` varchar(255) DEFAULT NULL,
  PRIMARY KEY (`operator`)
) ENGINE=InnoDB DEFAULT CHARSET=utf8;
/*!40101 SET character_set_client = @saved_cs_client */;

--
-- Dumping data for table `gs_condition_operator`
--

LOCK TABLES `gs_condition_operator` WRITE;
/*!40000 ALTER TABLE `gs_condition_operator` DISABLE KEYS */;
INSERT INTO `gs_condition_operator` VALUES ('DateEquals','The operator means the date equals to the value'),('DateGreaterThan','The operator means the date is greater than the value'),('DateGreaterThanEquals','The operator means the date is greater than or equals to the value'),('DateLessThan','The operator means the the date is less than the value'),('DateLessThanEquals','The operator means the date is less than or equals to the value'),('DateNotEquals','The operator means the date doesn\'t equals to the value'),('IpAddress','The operator means the ip address is in the values'),('NotIpAddress','The operator means the ip address is not in the values'),('StringEquals','The operator means the given string equals to the value'),('StringEqualsIgnoreCase','The operator means the given string equals to the value ignoring the case'),('StringLike','The operator means the given string likes the value'),('StringNotEquals','The operator means the given string doesn\'t equal to the value'),('StringNotEqualsIgnoreCase','The operator means the given string doesn\'t equal to the value ignoring the case'),('StringNotLike','The operator means the given string doesn\'t like the value');
/*!40000 ALTER TABLE `gs_condition_operator` ENABLE KEYS */;
UNLOCK TABLES;

--
-- Table structure for table `gs_condition_qualifier`
--

DROP TABLE IF EXISTS `gs_condition_qualifier`;
/*!40101 SET @saved_cs_client     = @@character_set_client */;
/*!40101 SET character_set_client = utf8 */;
CREATE TABLE `gs_condition_qualifier` (
  `qualifier` varchar(50) NOT NULL,
  `description` varchar(255) DEFAULT NULL,
  PRIMARY KEY (`qualifier`)
) ENGINE=InnoDB DEFAULT CHARSET=utf8;
/*!40101 SET character_set_client = @saved_cs_client */;

--
-- Dumping data for table `gs_condition_qualifier`
--

LOCK TABLES `gs_condition_qualifier` WRITE;
/*!40000 ALTER TABLE `gs_condition_qualifier` DISABLE KEYS */;
INSERT INTO `gs_condition_qualifier` VALUES ('Contain_All_Values','The condition return true if contain all of the given values'),('Contain_Any_Value','The condition return true if contain any of the given values');
/*!40000 ALTER TABLE `gs_condition_qualifier` ENABLE KEYS */;
UNLOCK TABLES;

--
-- Table structure for table `gs_domain`
--

DROP TABLE IF EXISTS `gs_domain`;
/*!40101 SET @saved_cs_client     = @@character_set_client */;
/*!40101 SET character_set_client = utf8 */;
CREATE TABLE `gs_domain` (
  `realm` varchar(255) NOT NULL,
  `domain` text,
  PRIMARY KEY (`realm`)
) ENGINE=InnoDB DEFAULT CHARSET=utf8;
/*!40101 SET character_set_client = @saved_cs_client */;

--
-- Dumping data for table `gs_domain`
--

LOCK TABLES `gs_domain` WRITE;
/*!40000 ALTER TABLE `gs_domain` DISABLE KEYS */;
/*!40000 ALTER TABLE `gs_domain` ENABLE KEYS */;
UNLOCK TABLES;

--
-- Table structure for table `gs_group_label`
--

DROP TABLE IF EXISTS `gs_group_label`;
/*!40101 SET @saved_cs_client     = @@character_set_client */;
/*!40101 SET character_set_client = utf8 */;
CREATE TABLE `gs_group_label` (
  `group_name` varchar(100) NOT NULL,
  `label_id` bigint(20) unsigned NOT NULL,
  PRIMARY KEY (`group_name`,`label_id`),
  KEY `label_id` (`label_id`),
  CONSTRAINT `gs_group_label_ibfk_1` FOREIGN KEY (`label_id`) REFERENCES `gs_label` (`label_id`) ON DELETE CASCADE ON UPDATE CASCADE
) ENGINE=InnoDB DEFAULT CHARSET=utf8 COMMENT='This table is used for the relation of group and label.';
/*!40101 SET character_set_client = @saved_cs_client */;

--
-- Dumping data for table `gs_group_label`
--

LOCK TABLES `gs_group_label` WRITE;
/*!40000 ALTER TABLE `gs_group_label` DISABLE KEYS */;
/*!40000 ALTER TABLE `gs_group_label` ENABLE KEYS */;
UNLOCK TABLES;

--
-- Table structure for table `gs_hms_leader_node`
--

DROP TABLE IF EXISTS `gs_hms_leader_node`;
/*!40101 SET @saved_cs_client     = @@character_set_client */;
/*!40101 SET character_set_client = utf8 */;
CREATE TABLE `gs_hms_leader_node` (
  `leader_node_id` int(11) NOT NULL,
  `counter` int(11) NOT NULL,
  PRIMARY KEY (`leader_node_id`)
) ENGINE=InnoDB DEFAULT CHARSET=utf8;
/*!40101 SET character_set_client = @saved_cs_client */;

--
-- Dumping data for table `gs_hms_leader_node`
--

LOCK TABLES `gs_hms_leader_node` WRITE;
/*!40000 ALTER TABLE `gs_hms_leader_node` DISABLE KEYS */;
INSERT INTO `gs_hms_leader_node` VALUES (0,0);
/*!40000 ALTER TABLE `gs_hms_leader_node` ENABLE KEYS */;
UNLOCK TABLES;

--
-- Table structure for table `gs_hms_node_id`
--

DROP TABLE IF EXISTS `gs_hms_node_id`;
/*!40101 SET @saved_cs_client     = @@character_set_client */;
/*!40101 SET character_set_client = utf8 */;
CREATE TABLE `gs_hms_node_id` (
  `node_id` int(11) NOT NULL
) ENGINE=InnoDB DEFAULT CHARSET=utf8;
/*!40101 SET character_set_client = @saved_cs_client */;

--
-- Dumping data for table `gs_hms_node_id`
--

LOCK TABLES `gs_hms_node_id` WRITE;
/*!40000 ALTER TABLE `gs_hms_node_id` DISABLE KEYS */;
INSERT INTO `gs_hms_node_id` VALUES (0);
/*!40000 ALTER TABLE `gs_hms_node_id` ENABLE KEYS */;
UNLOCK TABLES;

--
-- Table structure for table `gs_hms_notification_id`
--

DROP TABLE IF EXISTS `gs_hms_notification_id`;
/*!40101 SET @saved_cs_client     = @@character_set_client */;
/*!40101 SET character_set_client = utf8 */;
CREATE TABLE `gs_hms_notification_id` (
  `notification_id` bigint(20) NOT NULL,
  `service_id` bigint(20) NOT NULL,
  KEY `gs_hms_notif_id_index` (`service_id`,`notification_id`),
  CONSTRAINT `gs_hms_notification_id_ibfk_1` FOREIGN KEY (`service_id`) REFERENCES `gs_hms_service` (`service_id`) ON DELETE CASCADE
) ENGINE=InnoDB DEFAULT CHARSET=utf8;
/*!40101 SET character_set_client = @saved_cs_client */;

--
-- Dumping data for table `gs_hms_notification_id`
--

LOCK TABLES `gs_hms_notification_id` WRITE;
/*!40000 ALTER TABLE `gs_hms_notification_id` DISABLE KEYS */;
/*!40000 ALTER TABLE `gs_hms_notification_id` ENABLE KEYS */;
UNLOCK TABLES;

--
-- Table structure for table `gs_hms_object`
--

DROP TABLE IF EXISTS `gs_hms_object`;
/*!40101 SET @saved_cs_client     = @@character_set_client */;
/*!40101 SET character_set_client = utf8 */;
CREATE TABLE `gs_hms_object` (
  `object_id` bigint(20) NOT NULL AUTO_INCREMENT,
  `object_name` varchar(255) CHARACTER SET utf8 COLLATE utf8_bin NOT NULL,
  `create_time_ms` bigint(20) NOT NULL,
  `snapshot_no_id` bigint(20) NOT NULL,
  PRIMARY KEY (`object_id`),
  UNIQUE KEY `object_name_index` (`snapshot_no_id`,`object_name`),
  CONSTRAINT `gs_hms_object_ibfk_1` FOREIGN KEY (`snapshot_no_id`) REFERENCES `gs_hms_snapshot_no` (`id`) ON DELETE CASCADE
) ENGINE=InnoDB DEFAULT CHARSET=utf8;
/*!40101 SET character_set_client = @saved_cs_client */;

--
-- Dumping data for table `gs_hms_object`
--

LOCK TABLES `gs_hms_object` WRITE;
/*!40000 ALTER TABLE `gs_hms_object` DISABLE KEYS */;
/*!40000 ALTER TABLE `gs_hms_object` ENABLE KEYS */;
UNLOCK TABLES;

--
-- Table structure for table `gs_hms_path`
--

DROP TABLE IF EXISTS `gs_hms_path`;
/*!40101 SET @saved_cs_client     = @@character_set_client */;
/*!40101 SET character_set_client = utf8 */;
CREATE TABLE `gs_hms_path` (
  `path_id` bigint(20) NOT NULL AUTO_INCREMENT,
  `path_name` varchar(4000) CHARACTER SET utf8 COLLATE utf8_bin DEFAULT NULL,
  `object_id` bigint(20) DEFAULT NULL,
  PRIMARY KEY (`path_id`),
  KEY `object_id_index` (`object_id`),
  CONSTRAINT `gs_hms_path_ibfk_1` FOREIGN KEY (`object_id`) REFERENCES `gs_hms_object` (`object_id`) ON DELETE CASCADE
) ENGINE=InnoDB DEFAULT CHARSET=utf8;
/*!40101 SET character_set_client = @saved_cs_client */;

--
-- Dumping data for table `gs_hms_path`
--

LOCK TABLES `gs_hms_path` WRITE;
/*!40000 ALTER TABLE `gs_hms_path` DISABLE KEYS */;
/*!40000 ALTER TABLE `gs_hms_path` ENABLE KEYS */;
UNLOCK TABLES;

--
-- Table structure for table `gs_hms_path_update`
--

DROP TABLE IF EXISTS `gs_hms_path_update`;
/*!40101 SET @saved_cs_client     = @@character_set_client */;
/*!40101 SET character_set_client = utf8 */;
CREATE TABLE `gs_hms_path_update` (
  `update_id` bigint(20) NOT NULL AUTO_INCREMENT,
  `service_id` bigint(20) NOT NULL,
  `notification_id` bigint(20) NOT NULL,
  `create_time_ms` bigint(20) NOT NULL,
  `path_change` longtext CHARACTER SET utf8 COLLATE utf8_bin NOT NULL,
  PRIMARY KEY (`update_id`),
  UNIQUE KEY `path_update_index` (`service_id`,`notification_id`),
  CONSTRAINT `gs_hms_path_update_ibfk_1` FOREIGN KEY (`service_id`) REFERENCES `gs_hms_service` (`service_id`) ON DELETE CASCADE
) ENGINE=InnoDB DEFAULT CHARSET=utf8;
/*!40101 SET character_set_client = @saved_cs_client */;

--
-- Dumping data for table `gs_hms_path_update`
--

LOCK TABLES `gs_hms_path_update` WRITE;
/*!40000 ALTER TABLE `gs_hms_path_update` DISABLE KEYS */;
/*!40000 ALTER TABLE `gs_hms_path_update` ENABLE KEYS */;
UNLOCK TABLES;

--
-- Table structure for table `gs_hms_service`
--

DROP TABLE IF EXISTS `gs_hms_service`;
/*!40101 SET @saved_cs_client     = @@character_set_client */;
/*!40101 SET character_set_client = utf8 */;
CREATE TABLE `gs_hms_service` (
  `service_id` bigint(20) NOT NULL AUTO_INCREMENT,
  `service_name` varchar(255) NOT NULL,
  PRIMARY KEY (`service_id`),
  UNIQUE KEY `service_name_index` (`service_name`)
) ENGINE=InnoDB DEFAULT CHARSET=utf8;
/*!40101 SET character_set_client = @saved_cs_client */;

--
-- Dumping data for table `gs_hms_service`
--

LOCK TABLES `gs_hms_service` WRITE;
/*!40000 ALTER TABLE `gs_hms_service` DISABLE KEYS */;
/*!40000 ALTER TABLE `gs_hms_service` ENABLE KEYS */;
UNLOCK TABLES;

--
-- Table structure for table `gs_hms_service_relation`
--

DROP TABLE IF EXISTS `gs_hms_service_relation`;
/*!40101 SET @saved_cs_client     = @@character_set_client */;
/*!40101 SET character_set_client = utf8 */;
CREATE TABLE `gs_hms_service_relation` (
  `hms_service` bigint(20) NOT NULL,
  `base_service` varchar(255) NOT NULL,
  `base_service_type` varchar(255) NOT NULL,
  KEY `hms_service` (`hms_service`),
  KEY `base_service_index` (`base_service`),
  CONSTRAINT `gs_hms_service_relation_ibfk_1` FOREIGN KEY (`hms_service`) REFERENCES `gs_hms_service` (`service_id`) ON DELETE CASCADE
) ENGINE=InnoDB DEFAULT CHARSET=utf8;
/*!40101 SET character_set_client = @saved_cs_client */;

--
-- Dumping data for table `gs_hms_service_relation`
--

LOCK TABLES `gs_hms_service_relation` WRITE;
/*!40000 ALTER TABLE `gs_hms_service_relation` DISABLE KEYS */;
/*!40000 ALTER TABLE `gs_hms_service_relation` ENABLE KEYS */;
UNLOCK TABLES;

--
-- Table structure for table `gs_hms_snapshot_no`
--

DROP TABLE IF EXISTS `gs_hms_snapshot_no`;
/*!40101 SET @saved_cs_client     = @@character_set_client */;
/*!40101 SET character_set_client = utf8 */;
CREATE TABLE `gs_hms_snapshot_no` (
  `id` bigint(20) NOT NULL AUTO_INCREMENT,
  `service_id` bigint(20) NOT NULL,
  `snapshot_no` bigint(20) NOT NULL,
  PRIMARY KEY (`id`),
  KEY `service_id_index` (`service_id`),
  CONSTRAINT `gs_hms_snapshot_no_ibfk_1` FOREIGN KEY (`service_id`) REFERENCES `gs_hms_service` (`service_id`) ON DELETE CASCADE
) ENGINE=InnoDB DEFAULT CHARSET=utf8;
/*!40101 SET character_set_client = @saved_cs_client */;

--
-- Dumping data for table `gs_hms_snapshot_no`
--

LOCK TABLES `gs_hms_snapshot_no` WRITE;
/*!40000 ALTER TABLE `gs_hms_snapshot_no` DISABLE KEYS */;
/*!40000 ALTER TABLE `gs_hms_snapshot_no` ENABLE KEYS */;
UNLOCK TABLES;

--
-- Table structure for table `gs_label`
--

DROP TABLE IF EXISTS `gs_label`;
/*!40101 SET @saved_cs_client     = @@character_set_client */;
/*!40101 SET character_set_client = utf8 */;
CREATE TABLE `gs_label` (
  `label_id` bigint(20) unsigned NOT NULL AUTO_INCREMENT,
  `label_name` varchar(127) NOT NULL,
  `description` text,
  PRIMARY KEY (`label_id`),
  UNIQUE KEY `gs_label_label_name_idx` (`label_name`)
) ENGINE=InnoDB DEFAULT CHARSET=utf8 COMMENT='This table is used for labels.';
/*!40101 SET character_set_client = @saved_cs_client */;

--
-- Dumping data for table `gs_label`
--

LOCK TABLES `gs_label` WRITE;
/*!40000 ALTER TABLE `gs_label` DISABLE KEYS */;
/*!40000 ALTER TABLE `gs_label` ENABLE KEYS */;
UNLOCK TABLES;

--
-- Table structure for table `gs_policy_statement`
--

DROP TABLE IF EXISTS `gs_policy_statement`;
/*!40101 SET @saved_cs_client     = @@character_set_client */;
/*!40101 SET character_set_client = utf8 */;
CREATE TABLE `gs_policy_statement` (
  `statement_id` bigint(20) unsigned NOT NULL AUTO_INCREMENT,
  `policy_id` bigint(20) unsigned DEFAULT NULL,
  `json` text,
  PRIMARY KEY (`statement_id`),
  KEY `gs_policy_statement_policy_id_idx` (`policy_id`),
  CONSTRAINT `gs_policy_statement_policy_id` FOREIGN KEY (`policy_id`) REFERENCES `gs_abac_policies` (`policy_id`) ON DELETE CASCADE ON UPDATE CASCADE
) ENGINE=InnoDB AUTO_INCREMENT=3 DEFAULT CHARSET=utf8;
/*!40101 SET character_set_client = @saved_cs_client */;

--
-- Dumping data for table `gs_policy_statement`
--

LOCK TABLES `gs_policy_statement` WRITE;
/*!40000 ALTER TABLE `gs_policy_statement` DISABLE KEYS */;
/*!40000 ALTER TABLE `gs_policy_statement` ENABLE KEYS */;
UNLOCK TABLES;

--
-- Table structure for table `gs_policy_version`
--

DROP TABLE IF EXISTS `gs_policy_version`;
/*!40101 SET @saved_cs_client     = @@character_set_client */;
/*!40101 SET character_set_client = utf8 */;
CREATE TABLE `gs_policy_version` (
  `version` varchar(50) NOT NULL,
  `description` varchar(255) DEFAULT NULL,
  PRIMARY KEY (`version`)
) ENGINE=InnoDB DEFAULT CHARSET=utf8;
/*!40101 SET character_set_client = @saved_cs_client */;

--
-- Dumping data for table `gs_policy_version`
--

LOCK TABLES `gs_policy_version` WRITE;
/*!40000 ALTER TABLE `gs_policy_version` DISABLE KEYS */;
INSERT INTO `gs_policy_version` VALUES ('1.0','The first version of policy');
/*!40000 ALTER TABLE `gs_policy_version` ENABLE KEYS */;
UNLOCK TABLES;

--
-- Table structure for table `gs_resource_nodes`
--

DROP TABLE IF EXISTS `gs_resource_nodes`;
/*!40101 SET @saved_cs_client     = @@character_set_client */;
/*!40101 SET character_set_client = utf8 */;
CREATE TABLE `gs_resource_nodes` (
  `node_id` bigint(20) unsigned NOT NULL AUTO_INCREMENT,
  `field_type` varchar(50) NOT NULL,
  `field_value` varchar(255) NOT NULL,
  `resource_id` bigint(20) unsigned DEFAULT NULL,
  `level` int(10) unsigned NOT NULL DEFAULT '0',
  `service_id` bigint(20) unsigned NOT NULL,
  PRIMARY KEY (`node_id`),
  KEY `gs_resource_nodes_resource_id_idx` (`resource_id`),
  KEY `gs_resource_nodes_combined_idx` (`field_value`,`field_type`,`level`,`service_id`),
  KEY `gs_resource_nodes_service_id_idx` (`service_id`),
  CONSTRAINT `gs_resource_nodes_resource_id` FOREIGN KEY (`resource_id`) REFERENCES `gs_resources` (`resource_id`) ON DELETE CASCADE ON UPDATE CASCADE,
  CONSTRAINT `gs_resource_nodes_service_id` FOREIGN KEY (`service_id`) REFERENCES `gs_resource_services` (`service_id`) ON DELETE CASCADE ON UPDATE CASCADE
) ENGINE=InnoDB AUTO_INCREMENT=3 DEFAULT CHARSET=utf8 COMMENT='Table used to store each resource node';
/*!40101 SET character_set_client = @saved_cs_client */;

--
-- Dumping data for table `gs_resource_nodes`
--

LOCK TABLES `gs_resource_nodes` WRITE;
/*!40000 ALTER TABLE `gs_resource_nodes` DISABLE KEYS */;
/*!40000 ALTER TABLE `gs_resource_nodes` ENABLE KEYS */;
UNLOCK TABLES;

--
-- Table structure for table `gs_resource_services`
--

DROP TABLE IF EXISTS `gs_resource_services`;
/*!40101 SET @saved_cs_client     = @@character_set_client */;
/*!40101 SET character_set_client = utf8 */;
CREATE TABLE `gs_resource_services` (
  `service_id` bigint(20) unsigned NOT NULL AUTO_INCREMENT,
  `service_name` varchar(255) NOT NULL,
  `service_type` varchar(50) NOT NULL,
  `namespace` varchar(50) NOT NULL DEFAULT 'default',
  `tenant` varchar(50) NOT NULL DEFAULT 'default',
  `cluster_id` varchar(50) NOT NULL DEFAULT 'default',
  `policy_update_time` datetime(6) DEFAULT NULL,
  PRIMARY KEY (`service_id`),
  UNIQUE KEY `gs_services_service_name_idx` (`service_name`)
) ENGINE=InnoDB AUTO_INCREMENT=3 DEFAULT CHARSET=utf8 COMMENT='This table used to save a service backup of the real register service in order to decouple services and resources.';
/*!40101 SET character_set_client = @saved_cs_client */;

--
-- Dumping data for table `gs_resource_services`
--

LOCK TABLES `gs_resource_services` WRITE;
/*!40000 ALTER TABLE `gs_resource_services` DISABLE KEYS */;
INSERT INTO `gs_resource_services` VALUES (1,'__GLOBAL_SERVICE__','__GLOBAL_SERVICE_TYPE__','default','default','default',NULL),(2,'inceptor1','INCEPTOR','default','default','default','2020-09-17 12:32:36.518120');
/*!40000 ALTER TABLE `gs_resource_services` ENABLE KEYS */;
UNLOCK TABLES;

--
-- Table structure for table `gs_resources`
--

DROP TABLE IF EXISTS `gs_resources`;
/*!40101 SET @saved_cs_client     = @@character_set_client */;
/*!40101 SET character_set_client = utf8 */;
CREATE TABLE `gs_resources` (
  `resource_id` bigint(20) unsigned NOT NULL AUTO_INCREMENT,
  `path` varchar(1000) NOT NULL,
  `crc` int(10) unsigned NOT NULL,
  `external_id` bigint(20) unsigned DEFAULT NULL,
  `service_id` bigint(20) unsigned NOT NULL,
  PRIMARY KEY (`resource_id`),
  KEY `gs_resources_service_id_idx` (`service_id`),
  KEY `gs_resources_crc` (`crc`),
  CONSTRAINT `gs_resources_service_id` FOREIGN KEY (`service_id`) REFERENCES `gs_resource_services` (`service_id`) ON DELETE CASCADE ON UPDATE CASCADE
) ENGINE=InnoDB AUTO_INCREMENT=3 DEFAULT CHARSET=utf8 COMMENT='Tables used to store the paths related to permissions or policies.';
/*!40101 SET character_set_client = @saved_cs_client */;

--
-- Dumping data for table `gs_resources`
--

LOCK TABLES `gs_resources` WRITE;
/*!40000 ALTER TABLE `gs_resources` DISABLE KEYS */;
/*!40000 ALTER TABLE `gs_resources` ENABLE KEYS */;
UNLOCK TABLES;

--
-- Table structure for table `gs_role_label`
--

DROP TABLE IF EXISTS `gs_role_label`;
/*!40101 SET @saved_cs_client     = @@character_set_client */;
/*!40101 SET character_set_client = utf8 */;
CREATE TABLE `gs_role_label` (
  `role_name` varchar(100) NOT NULL,
  `label_id` bigint(20) unsigned NOT NULL,
  PRIMARY KEY (`role_name`,`label_id`),
  KEY `label_id` (`label_id`),
  CONSTRAINT `gs_role_label_ibfk_1` FOREIGN KEY (`label_id`) REFERENCES `gs_label` (`label_id`) ON DELETE CASCADE ON UPDATE CASCADE
) ENGINE=InnoDB DEFAULT CHARSET=utf8 COMMENT='This table is used for the relation of role and label.';
/*!40101 SET character_set_client = @saved_cs_client */;

--
-- Dumping data for table `gs_role_label`
--

LOCK TABLES `gs_role_label` WRITE;
/*!40000 ALTER TABLE `gs_role_label` DISABLE KEYS */;
/*!40000 ALTER TABLE `gs_role_label` ENABLE KEYS */;
UNLOCK TABLES;

--
-- Table structure for table `gs_service`
--

DROP TABLE IF EXISTS `gs_service`;
/*!40101 SET @saved_cs_client     = @@character_set_client */;
/*!40101 SET character_set_client = utf8 */;
CREATE TABLE `gs_service` (
  `service_id` bigint(20) unsigned NOT NULL AUTO_INCREMENT,
  `service_name` varchar(255) NOT NULL,
  `service_type` varchar(127) DEFAULT NULL,
  `description` text,
  `cluster_id` bigint(20) unsigned DEFAULT NULL,
  `service_status` varchar(127) DEFAULT NULL,
  `last_heartbeat_timestamp` bigint(20) unsigned DEFAULT NULL,
  `offline_timestamp` bigint(20) unsigned DEFAULT NULL,
  PRIMARY KEY (`service_id`),
  UNIQUE KEY `gs_service_service_name_uq_idx` (`service_name`),
  KEY `fk_gs_service_cluster_id_idx` (`cluster_id`),
  CONSTRAINT `fk_gs_service_cluster_id` FOREIGN KEY (`cluster_id`) REFERENCES `gs_cluster` (`cluster_id`) ON DELETE CASCADE ON UPDATE CASCADE
) ENGINE=InnoDB AUTO_INCREMENT=5 DEFAULT CHARSET=utf8 COMMENT='This table is used for services.';
/*!40101 SET character_set_client = @saved_cs_client */;

--
-- Dumping data for table `gs_service`
--

LOCK TABLES `gs_service` WRITE;
/*!40000 ALTER TABLE `gs_service` DISABLE KEYS */;
INSERT INTO `gs_service` VALUES (1,'hdfs1','HDFS','description',1,'ONLINE',1600331112225,0),(2,'yarn1','YARN','description',1,'ONLINE',1600331165625,0),(3,'hyperbase1','HYPERBASE','description',1,'ONLINE',1600331579244,0),(4,'inceptor1','INCEPTOR','description',1,'ONLINE',1600331516431,0);
/*!40000 ALTER TABLE `gs_service` ENABLE KEYS */;
UNLOCK TABLES;

--
-- Table structure for table `gs_service_conf`
--

DROP TABLE IF EXISTS `gs_service_conf`;
/*!40101 SET @saved_cs_client     = @@character_set_client */;
/*!40101 SET character_set_client = utf8 */;
CREATE TABLE `gs_service_conf` (
  `service_id` bigint(20) unsigned NOT NULL,
  `conf_key` varchar(255) NOT NULL,
  `conf_value` text,
  PRIMARY KEY (`service_id`,`conf_key`),
  CONSTRAINT `fk_gs_service_conf_service_id` FOREIGN KEY (`service_id`) REFERENCES `gs_service` (`service_id`) ON DELETE CASCADE ON UPDATE CASCADE
) ENGINE=InnoDB DEFAULT CHARSET=utf8 COMMENT='This table is used for service configuration.';
/*!40101 SET character_set_client = @saved_cs_client */;

--
-- Dumping data for table `gs_service_conf`
--

LOCK TABLES `gs_service_conf` WRITE;
/*!40000 ALTER TABLE `gs_service_conf` DISABLE KEYS */;
INSERT INTO `gs_service_conf` VALUES (1,'dfs.accesstoken.enabled','true'),(1,'dfs.balancer.address','0.0.0.0:0'),(1,'dfs.balancer.block-move.timeout','0'),(1,'dfs.balancer.keytab.enabled','false'),(1,'dfs.balancer.max-no-move-interval','60000'),(1,'dfs.block.access.key.update.interval','600'),(1,'dfs.block.access.token.enable','true'),(1,'dfs.block.access.token.lifetime','600'),(1,'dfs.block.scanner.volume.bytes.per.second','1048576'),(1,'dfs.blockreport.initialDelay','0'),(1,'dfs.blockreport.intervalMsec','21600000'),(1,'dfs.blockreport.split.threshold','1000000'),(1,'dfs.blocksize','134217728'),(1,'dfs.bytes-per-checksum','512'),(1,'dfs.cachereport.intervalMsec','10000'),(1,'dfs.cas.enabled','true'),(1,'dfs.cas.login.path','https://172.26.5.46:8393/cas/login'),(1,'dfs.cas.prefix.path','https://172.26.5.46:8393/cas'),(1,'dfs.client-write-packet-size','65536'),(1,'dfs.client.block.write.replace-datanode-on-failure.best-effort','false'),(1,'dfs.client.block.write.replace-datanode-on-failure.enable','true'),(1,'dfs.client.block.write.replace-datanode-on-failure.policy','DEFAULT'),(1,'dfs.client.block.write.retries','3'),(1,'dfs.client.cached.conn.retry','3'),(1,'dfs.client.context','default'),(1,'dfs.client.datanode-restart.timeout','30'),(1,'dfs.client.domain.socket.data.traffic','false'),(1,'dfs.client.failover.connection.retries','0'),(1,'dfs.client.failover.connection.retries.on.timeouts','0'),(1,'dfs.client.failover.max.attempts','15'),(1,'dfs.client.failover.proxy.provider.nameservice1','org.apache.hadoop.hdfs.server.namenode.ha.ConfiguredFailoverProxyProvider'),(1,'dfs.client.failover.sleep.base.millis','500'),(1,'dfs.client.failover.sleep.max.millis','15000'),(1,'dfs.client.file-block-storage-locations.num-threads','10'),(1,'dfs.client.file-block-storage-locations.timeout.millis','1000'),(1,'dfs.client.https.keystore.resource','ssl-client.xml'),(1,'dfs.client.https.need-auth','false'),(1,'dfs.client.mmap.cache.size','256'),(1,'dfs.client.mmap.cache.timeout.ms','3600000'),(1,'dfs.client.mmap.enabled','true'),(1,'dfs.client.mmap.retry.timeout.ms','300000'),(1,'dfs.client.read.shortcircuit','true'),(1,'dfs.client.read.shortcircuit.skip.checksum','false'),(1,'dfs.client.read.shortcircuit.streams.cache.expiry.ms','300000'),(1,'dfs.client.read.shortcircuit.streams.cache.size','256'),(1,'dfs.client.short.circuit.replica.stale.threshold.ms','1800000'),(1,'dfs.client.slow.io.warning.threshold.ms','30000'),(1,'dfs.client.socket-timeout','120000'),(1,'dfs.client.socket.send.buffer.size','131072'),(1,'dfs.client.use.datanode.hostname','false'),(1,'dfs.client.use.legacy.blockreader.local','false'),(1,'dfs.client.write.exclude.nodes.cache.expiry.interval.millis','600000'),(1,'dfs.data.transfer.protection','integrity'),(1,'dfs.datanode.address','0.0.0.0:50010'),(1,'dfs.datanode.available-space-volume-choosing-policy.balanced-space-preference-fraction','0.75f'),(1,'dfs.datanode.available-space-volume-choosing-policy.balanced-space-threshold','10737418240'),(1,'dfs.datanode.balance.bandwidthPerSec','1048576'),(1,'dfs.datanode.block-pinning.enabled','false'),(1,'dfs.datanode.block.id.layout.upgrade.threads','12'),(1,'dfs.datanode.bp-ready.timeout','20'),(1,'dfs.datanode.cache.revocation.polling.ms','500'),(1,'dfs.datanode.cache.revocation.timeout.ms','900000'),(1,'dfs.datanode.data.dir','/vdir/mnt/disk1/hadoop/data'),(1,'dfs.datanode.data.dir.perm','755'),(1,'dfs.datanode.directoryscan.interval','21600'),(1,'dfs.datanode.directoryscan.threads','1'),(1,'dfs.datanode.directoryscan.throttle.limit.ms.per.sec','0'),(1,'dfs.datanode.dns.interface','default'),(1,'dfs.datanode.dns.nameserver','default'),(1,'dfs.datanode.drop.cache.behind.reads','false'),(1,'dfs.datanode.drop.cache.behind.writes','false'),(1,'dfs.datanode.du.reserved','21464350720'),(1,'dfs.datanode.failed.volumes.tolerated','0'),(1,'dfs.datanode.fsdatasetcache.max.threads.per.volume','4'),(1,'dfs.datanode.handler.count','30'),(1,'dfs.datanode.hdfs-blocks-metadata.enabled','false'),(1,'dfs.datanode.http.address','0.0.0.0:50075'),(1,'dfs.datanode.https.address','0.0.0.0:50475'),(1,'dfs.datanode.ipc.address','0.0.0.0:50020'),(1,'dfs.datanode.kerberos.principal','hdfs/_HOST@TDH'),(1,'dfs.datanode.keytab.file','/etc/hdfs1/conf/hdfs.keytab'),(1,'dfs.datanode.max.locked.memory','0'),(1,'dfs.datanode.max.transfer.threads','4096'),(1,'dfs.datanode.readahead.bytes','4194304'),(1,'dfs.datanode.scan.period.hours','504'),(1,'dfs.datanode.shared.file.descriptor.paths','/dev/shm,/tmp'),(1,'dfs.datanode.slow.io.warning.threshold.ms','300'),(1,'dfs.datanode.sync.behind.writes','false'),(1,'dfs.datanode.transfer.socket.recv.buffer.size','131072'),(1,'dfs.datanode.transfer.socket.send.buffer.size','131072'),(1,'dfs.datanode.use.datanode.hostname','false'),(1,'dfs.default.chunk.view.size','32768'),(1,'dfs.domain.socket.path','/var/run/hdfs1/dn_socket'),(1,'dfs.encrypt.data.transfer','false'),(1,'dfs.encrypt.data.transfer.cipher.key.bitlength','128'),(1,'dfs.ha.automatic-failover.enabled','false'),(1,'dfs.ha.automatic-failover.enabled.nameservice1','true'),(1,'dfs.ha.fencing.methods','shell(/bin/true)'),(1,'dfs.ha.fencing.ssh.connect-timeout','30000'),(1,'dfs.ha.log-roll.period','120'),(1,'dfs.ha.namenodes.nameservice1','nn1,nn2'),(1,'dfs.ha.tail-edits.period','60'),(1,'dfs.heartbeat.interval','3'),(1,'dfs.hosts.exclude','/etc/hdfs1/conf/exclude-list.txt'),(1,'dfs.http.policy','HTTP_ONLY'),(1,'dfs.https.server.keystore.resource','ssl-server.xml'),(1,'dfs.image.compress','false'),(1,'dfs.image.compression.codec','org.apache.hadoop.io.compress.DefaultCodec'),(1,'dfs.image.transfer.bandwidthPerSec','0'),(1,'dfs.image.transfer.chunksize','65536'),(1,'dfs.image.transfer.timeout','60000'),(1,'dfs.journalnode.edits.dir','/hadoop/journal'),(1,'dfs.journalnode.http-address','0.0.0.0:8480'),(1,'dfs.journalnode.https-address','0.0.0.0:8481'),(1,'dfs.journalnode.kerberos.internal.spnego.principal','HTTP/_HOST@TDH'),(1,'dfs.journalnode.kerberos.principal','hdfs/_HOST@TDH'),(1,'dfs.journalnode.keytab.file','/etc/hdfs1/conf/hdfs.keytab'),(1,'dfs.journalnode.rpc-address','0.0.0.0:8485'),(1,'dfs.lock.suppress.warning.interval','10s'),(1,'dfs.mover.max-no-move-interval','60000'),(1,'dfs.namenode.accesstime.precision','3600000'),(1,'dfs.namenode.acls.enabled','true'),(1,'dfs.namenode.audit.loggers','default'),(1,'dfs.namenode.avoid.read.stale.datanode','false'),(1,'dfs.namenode.avoid.write.stale.datanode','false'),(1,'dfs.namenode.backup.address','0.0.0.0:50100'),(1,'dfs.namenode.backup.http-address','0.0.0.0:50105'),(1,'dfs.namenode.block-placement-policy.default.prefer-local-node','true'),(1,'dfs.namenode.blocks.per.postponedblocks.rescan','10000'),(1,'dfs.namenode.checkpoint.check.period','60'),(1,'dfs.namenode.checkpoint.dir','file://${hadoop.tmp.dir}/dfs/namesecondary'),(1,'dfs.namenode.checkpoint.edits.dir','${dfs.namenode.checkpoint.dir}'),(1,'dfs.namenode.checkpoint.max-retries','3'),(1,'dfs.namenode.checkpoint.period','3600'),(1,'dfs.namenode.checkpoint.txns','1000000'),(1,'dfs.namenode.datanode.registration.ip-hostname-check','true'),(1,'dfs.namenode.decommission.blocks.per.interval','500000'),(1,'dfs.namenode.decommission.interval','30'),(1,'dfs.namenode.decommission.max.concurrent.tracked.nodes','100'),(1,'dfs.namenode.delegation.key.update-interval','86400000'),(1,'dfs.namenode.delegation.token.max-lifetime','604800000'),(1,'dfs.namenode.delegation.token.renew-interval','86400000'),(1,'dfs.namenode.edit.log.autoroll.check.interval.ms','300000'),(1,'dfs.namenode.edit.log.autoroll.multiplier.threshold','2.0'),(1,'dfs.namenode.edits.dir','${dfs.namenode.name.dir}'),(1,'dfs.namenode.edits.journal-plugin.qjournal','org.apache.hadoop.hdfs.qjournal.client.QuorumJournalManager'),(1,'dfs.namenode.edits.noeditlogchannelflush','false'),(1,'dfs.namenode.enable.retrycache','true'),(1,'dfs.namenode.fs-limits.max-blocks-per-file','1048576'),(1,'dfs.namenode.fs-limits.max-component-length','255'),(1,'dfs.namenode.fs-limits.max-directory-items','1048576'),(1,'dfs.namenode.fs-limits.max-xattr-size','16384'),(1,'dfs.namenode.fs-limits.max-xattrs-per-inode','32'),(1,'dfs.namenode.fs-limits.min-block-size','1048576'),(1,'dfs.namenode.fslock.fair','true'),(1,'dfs.namenode.handler.count','100'),(1,'dfs.namenode.heartbeat.recheck-interval','300000'),(1,'dfs.namenode.http-address','0.0.0.0:50070'),(1,'dfs.namenode.http-address.nameservice1.nn1','node545:50070'),(1,'dfs.namenode.http-address.nameservice1.nn2','node546:50070'),(1,'dfs.namenode.https-address','0.0.0.0:50470'),(1,'dfs.namenode.inode.attributes.provider.class','io.transwarp.guardian.plugins.hdfs.GuardianINodeAttributeProvider'),(1,'dfs.namenode.inotify.max.events.per.rpc','1000'),(1,'dfs.namenode.invalidate.work.pct.per.iteration','0.32f'),(1,'dfs.namenode.kerberos.internal.spnego.principal','HTTP/_HOST@TDH'),(1,'dfs.namenode.kerberos.principal','hdfs/_HOST@TDH'),(1,'dfs.namenode.kerberos.principal.pattern','*'),(1,'dfs.namenode.keytab.file','/etc/hdfs1/conf/hdfs.keytab'),(1,'dfs.namenode.lazypersist.file.scrub.interval.sec','300'),(1,'dfs.namenode.list.cache.directives.num.responses','100'),(1,'dfs.namenode.list.cache.pools.num.responses','100'),(1,'dfs.namenode.list.encryption.zones.num.responses','100'),(1,'dfs.namenode.lock.detailed-metrics.enabled','false'),(1,'dfs.namenode.max.extra.edits.segments.retained','10000'),(1,'dfs.namenode.max.objects','0'),(1,'dfs.namenode.name.dir','/vdir/hadoop/namenode_dir,/vdir/mnt/disk1/hadoop/namenode_dir'),(1,'dfs.namenode.name.dir.restore','false'),(1,'dfs.namenode.num.checkpoints.retained','2'),(1,'dfs.namenode.num.extra.edits.retained','1000000'),(1,'dfs.namenode.path.based.cache.block.map.allocation.percent','0.25'),(1,'dfs.namenode.path.based.cache.refresh.interval.ms','30000'),(1,'dfs.namenode.path.based.cache.retry.interval.ms','30000'),(1,'dfs.namenode.quota.init-threads','4'),(1,'dfs.namenode.read-lock-reporting-threshold-ms','5000'),(1,'dfs.namenode.reject-unresolved-dn-topology-mapping','false'),(1,'dfs.namenode.replication.considerLoad','true'),(1,'dfs.namenode.replication.interval','3'),(1,'dfs.namenode.replication.min','1'),(1,'dfs.namenode.replication.work.multiplier.per.iteration','2'),(1,'dfs.namenode.resource.check.interval','5000'),(1,'dfs.namenode.resource.checked.volumes.minimum','1'),(1,'dfs.namenode.resource.du.reserved','104857600'),(1,'dfs.namenode.retrycache.expirytime.millis','600000'),(1,'dfs.namenode.retrycache.heap.percent','0.03f'),(1,'dfs.namenode.rpc-address.nameservice1.nn1','node545:8020'),(1,'dfs.namenode.rpc-address.nameservice1.nn2','node546:8020'),(1,'dfs.namenode.safemode.extension','30000'),(1,'dfs.namenode.safemode.min.datanodes','0'),(1,'dfs.namenode.safemode.threshold-pct','0.999f'),(1,'dfs.namenode.secondary.http-address','0.0.0.0:50090'),(1,'dfs.namenode.secondary.https-address','0.0.0.0:50091'),(1,'dfs.namenode.shared.edits.dir.nameservice1','qjournal://node545:8485;node546:8485;node547:8485/nameservice1'),(1,'dfs.namenode.stale.datanode.interval','30000'),(1,'dfs.namenode.startup.delay.block.deletion.sec','0'),(1,'dfs.namenode.support.allow.format','true'),(1,'dfs.namenode.top.enabled','true'),(1,'dfs.namenode.top.num.users','10'),(1,'dfs.namenode.top.window.num.buckets','10'),(1,'dfs.namenode.top.windows.minutes','1,5,25'),(1,'dfs.namenode.write-lock-reporting-threshold-ms','5000'),(1,'dfs.namenode.write.stale.datanode.ratio','0.5f'),(1,'dfs.namenode.xattrs.enabled','true'),(1,'dfs.nameservices','nameservice1'),(1,'dfs.permissions.enabled','true'),(1,'dfs.permissions.superusergroup','hbase'),(1,'dfs.reformat.disabled','false'),(1,'dfs.replication','3'),(1,'dfs.replication.max','512'),(1,'dfs.secondary.namenode.kerberos.internal.spnego.principal','${dfs.web.authentication.kerberos.principal}'),(1,'dfs.short.circuit.shared.memory.watcher.interrupt.check.ms','60000'),(1,'dfs.storage.policy.enabled','true'),(1,'dfs.stream-buffer-size','4096'),(1,'dfs.user.home.dir.prefix','/user'),(1,'dfs.web.authentication.kerberos.keytab','/etc/hdfs1/conf/hdfs.keytab'),(1,'dfs.web.authentication.kerberos.principal','HTTP/_HOST@TDH'),(1,'dfs.webhdfs.enabled','true'),(1,'dfs.webhdfs.user.provider.user.pattern','^[A-Za-z_][A-Za-z0-9._-]*[$]?$'),(1,'file.blocksize','67108864'),(1,'file.bytes-per-checksum','512'),(1,'file.client-write-packet-size','65536'),(1,'file.replication','1'),(1,'file.stream-buffer-size','4096'),(1,'fs.AbstractFileSystem.file.impl','org.apache.hadoop.fs.local.LocalFs'),(1,'fs.AbstractFileSystem.ftp.impl','org.apache.hadoop.fs.ftp.FtpFs'),(1,'fs.AbstractFileSystem.har.impl','org.apache.hadoop.fs.HarFs'),(1,'fs.AbstractFileSystem.hdfs.impl','org.apache.hadoop.fs.Hdfs'),(1,'fs.AbstractFileSystem.viewfs.impl','org.apache.hadoop.fs.viewfs.ViewFs'),(1,'fs.automatic.close','true'),(1,'fs.client.resolve.remote.symlinks','true'),(1,'fs.defaultFS','hdfs://nameservice1'),(1,'fs.df.interval','60000'),(1,'fs.du.interval','600000'),(1,'fs.ftp.host','0.0.0.0'),(1,'fs.ftp.host.port','21'),(1,'fs.har.impl.disable.cache','true'),(1,'fs.permissions.umask-mode','022'),(1,'fs.s3.block.size','67108864'),(1,'fs.s3.buffer.dir','${hadoop.tmp.dir}/s3'),(1,'fs.s3.maxRetries','4'),(1,'fs.s3.sleepTimeSeconds','10'),(1,'fs.s3a.attempts.maximum','10'),(1,'fs.s3a.buffer.dir','${hadoop.tmp.dir}/s3a'),(1,'fs.s3a.connection.establish.timeout','5000'),(1,'fs.s3a.connection.maximum','15'),(1,'fs.s3a.connection.ssl.enabled','true'),(1,'fs.s3a.connection.timeout','50000'),(1,'fs.s3a.fast.buffer.size','1048576'),(1,'fs.s3a.fast.upload','false'),(1,'fs.s3a.impl','org.apache.hadoop.fs.s3a.S3AFileSystem'),(1,'fs.s3a.max.total.tasks','1000'),(1,'fs.s3a.multipart.purge','false'),(1,'fs.s3a.multipart.purge.age','86400'),(1,'fs.s3a.multipart.size','104857600'),(1,'fs.s3a.multipart.threshold','2147483647'),(1,'fs.s3a.paging.maximum','5000'),(1,'fs.s3a.threads.core','15'),(1,'fs.s3a.threads.keepalivetime','60'),(1,'fs.s3a.threads.max','256'),(1,'fs.s3n.block.size','67108864'),(1,'fs.s3n.multipart.copy.block.size','5368709120'),(1,'fs.s3n.multipart.uploads.block.size','67108864'),(1,'fs.s3n.multipart.uploads.enabled','false'),(1,'fs.swift.impl','org.apache.hadoop.fs.swift.snative.SwiftNativeFileSystem'),(1,'fs.trash.checkpoint.interval','0'),(1,'fs.trash.interval','1440'),(1,'ftp.blocksize','67108864'),(1,'ftp.bytes-per-checksum','512'),(1,'ftp.client-write-packet-size','65536'),(1,'ftp.replication','3'),(1,'ftp.stream-buffer-size','4096'),(1,'ha.failover-controller.cli-check.rpc-timeout.ms','20000'),(1,'ha.failover-controller.graceful-fence.connection.retries','1'),(1,'ha.failover-controller.graceful-fence.rpc-timeout.ms','5000'),(1,'ha.failover-controller.new-active.rpc-timeout.ms','60000'),(1,'ha.health-monitor.check-interval.ms','1000'),(1,'ha.health-monitor.connect-retry-interval.ms','1000'),(1,'ha.health-monitor.rpc-timeout.ms','45000'),(1,'ha.health-monitor.sleep-after-disconnect.ms','1000'),(1,'ha.zookeeper.acl','world:anyone:rwcda'),(1,'ha.zookeeper.parent-znode','/hdfs1-ha'),(1,'ha.zookeeper.quorum','node545:2181,node546:2181,node547:2181'),(1,'ha.zookeeper.session-timeout.ms','5000'),(1,'hadoop.common.configuration.version','0.23.0'),(1,'hadoop.fuse.connection.timeout','300'),(1,'hadoop.fuse.timer.period','5'),(1,'hadoop.hdfs.configuration.version','1'),(1,'hadoop.http.authentication.kerberos.keytab','/etc/hdfs1/conf/hdfs.keytab'),(1,'hadoop.http.authentication.kerberos.principal','HTTP/node546@TDH'),(1,'hadoop.http.authentication.signature.secret.file','/etc/hadoop-http-auth-signature-secret'),(1,'hadoop.http.authentication.simple.anonymous.allowed','true'),(1,'hadoop.http.authentication.token.validity','36000'),(1,'hadoop.http.authentication.type','simple'),(1,'hadoop.http.cross-origin.allowed-headers','X-Requested-With,Content-Type,Accept,Origin'),(1,'hadoop.http.cross-origin.allowed-methods','GET,POST,HEAD'),(1,'hadoop.http.cross-origin.allowed-origins','*'),(1,'hadoop.http.cross-origin.enabled','false'),(1,'hadoop.http.cross-origin.max-age','1800'),(1,'hadoop.http.filter.initializers','org.apache.hadoop.security.AuthenticationFilterInitializer'),(1,'hadoop.http.staticuser.user','dr.who'),(1,'hadoop.jetty.logs.serve.aliases','true'),(1,'hadoop.kerberos.kinit.command','kinit'),(1,'hadoop.proxyuser.guardian.groups','*'),(1,'hadoop.proxyuser.guardian.hosts','*'),(1,'hadoop.proxyuser.hbase.groups','*'),(1,'hadoop.proxyuser.hbase.hosts','*'),(1,'hadoop.proxyuser.hdfs.groups','*'),(1,'hadoop.proxyuser.hdfs.hosts','*'),(1,'hadoop.proxyuser.hive.groups','*'),(1,'hadoop.proxyuser.hive.hosts','*'),(1,'hadoop.proxyuser.httpfs.groups','*'),(1,'hadoop.proxyuser.httpfs.hosts','*'),(1,'hadoop.proxyuser.hue.groups','*'),(1,'hadoop.proxyuser.hue.hosts','*'),(1,'hadoop.proxyuser.oozie.groups','*'),(1,'hadoop.proxyuser.oozie.hosts','*'),(1,'hadoop.proxyuser.root.groups','*'),(1,'hadoop.proxyuser.root.hosts','*'),(1,'hadoop.registry.jaas.context','Client'),(1,'hadoop.registry.rm.enabled','false'),(1,'hadoop.registry.secure','false'),(1,'hadoop.registry.system.acls','sasl:yarn@, sasl:mapred@, sasl:hdfs@'),(1,'hadoop.registry.zk.connection.timeout.ms','15000'),(1,'hadoop.registry.zk.quorum','localhost:2181'),(1,'hadoop.registry.zk.retry.ceiling.ms','60000'),(1,'hadoop.registry.zk.retry.interval.ms','1000'),(1,'hadoop.registry.zk.retry.times','5'),(1,'hadoop.registry.zk.root','/registry'),(1,'hadoop.registry.zk.session.timeout.ms','60000'),(1,'hadoop.rpc.protection','authentication'),(1,'hadoop.rpc.socket.factory.class.default','org.apache.hadoop.net.StandardSocketFactory'),(1,'hadoop.security.authentication','kerberos'),(1,'hadoop.security.authorization','true'),(1,'hadoop.security.crypto.buffer.size','8192'),(1,'hadoop.security.crypto.cipher.suite','AES/CTR/NoPadding'),(1,'hadoop.security.crypto.codec.classes.aes.ctr.nopadding','org.apache.hadoop.crypto.OpensslAesCtrCryptoCodec,org.apache.hadoop.crypto.JceAesCtrCryptoCodec'),(1,'hadoop.security.group.mapping','org.apache.hadoop.security.LdapGroupsMapping'),(1,'hadoop.security.group.mapping.ldap.base','dc=tdh'),(1,'hadoop.security.group.mapping.ldap.bind.password.file','/etc/hdfs1/conf/ldap-conn-pass.txt'),(1,'hadoop.security.group.mapping.ldap.bind.user','uid=admin,ou=system'),(1,'hadoop.security.group.mapping.ldap.directory.search.timeout','10000'),(1,'hadoop.security.group.mapping.ldap.search.attr.group.name','cn'),(1,'hadoop.security.group.mapping.ldap.search.attr.member','member'),(1,'hadoop.security.group.mapping.ldap.search.filter.group','(objectClass=configGroup)'),(1,'hadoop.security.group.mapping.ldap.search.filter.user','(&(objectClass=inetOrgPerson)(uid={0}))'),(1,'hadoop.security.group.mapping.ldap.ssl','false'),(1,'hadoop.security.group.mapping.ldap.url','ldap://node545:10389 ldap://node546:10389'),(1,'hadoop.security.groups.cache.secs','300'),(1,'hadoop.security.groups.cache.warn.after.ms','5000'),(1,'hadoop.security.groups.negative-cache.secs','30'),(1,'hadoop.security.instrumentation.requires.admin','false'),(1,'hadoop.security.java.secure.random.algorithm','SHA1PRNG'),(1,'hadoop.security.kms.client.authentication.retry-count','1'),(1,'hadoop.security.kms.client.encrypted.key.cache.expiry','43200000'),(1,'hadoop.security.kms.client.encrypted.key.cache.low-watermark','0.3f'),(1,'hadoop.security.kms.client.encrypted.key.cache.num.refill.threads','2'),(1,'hadoop.security.kms.client.encrypted.key.cache.size','500'),(1,'hadoop.security.random.device.file.path','/dev/urandom'),(1,'hadoop.security.sensitive-config-keys','password$,fs.s3.*[Ss]ecret.?[Kk]ey,fs.azure.account.key.*,dfs.webhdfs.oauth2.[a-z]+.token,hadoop.security.sensitive-config-keys'),(1,'hadoop.security.uid.cache.secs','14400'),(1,'hadoop.ssl.client.conf','ssl-client.xml'),(1,'hadoop.ssl.enabled','false'),(1,'hadoop.ssl.enabled.protocols','TLSv1'),(1,'hadoop.ssl.hostname.verifier','DEFAULT'),(1,'hadoop.ssl.keystores.factory.class','org.apache.hadoop.security.ssl.FileBasedKeyStoresFactory'),(1,'hadoop.ssl.require.client.cert','false'),(1,'hadoop.ssl.server.conf','ssl-server.xml'),(1,'hadoop.tmp.dir','/tmp/hadoop-${user.name}'),(1,'hadoop.user.group.static.mapping.overrides','dr.who=;'),(1,'hadoop.util.hash.type','murmur'),(1,'hadoop.work.around.non.threadsafe.getpwuid','false'),(1,'hdfs.service.id','hdfs1'),(1,'io.compression.codec.bzip2.library','system-native'),(1,'io.file.buffer.size','4096'),(1,'io.map.index.interval','128'),(1,'io.map.index.skip','0'),(1,'io.mapfile.bloom.error.rate','0.005'),(1,'io.mapfile.bloom.size','1048576'),(1,'io.native.lib.available','true'),(1,'io.seqfile.compress.blocksize','1000000'),(1,'io.seqfile.lazydecompress','true'),(1,'io.seqfile.local.dir','${hadoop.tmp.dir}/io/local'),(1,'io.seqfile.sorter.recordlimit','1000000'),(1,'io.serializations','org.apache.hadoop.io.serializer.WritableSerialization,org.apache.hadoop.io.serializer.avro.AvroSpecificSerialization,org.apache.hadoop.io.serializer.avro.AvroReflectSerialization'),(1,'io.skip.checksum.errors','false'),(1,'ipc.client.connect.max.retries','10'),(1,'ipc.client.connect.max.retries.on.timeouts','45'),(1,'ipc.client.connect.retry.interval','1000'),(1,'ipc.client.connect.timeout','20000'),(1,'ipc.client.connection.maxidletime','10000'),(1,'ipc.client.fallback-to-simple-auth-allowed','false'),(1,'ipc.client.idlethreshold','4000'),(1,'ipc.client.kill.max','10'),(1,'ipc.maximum.data.length','67108864'),(1,'ipc.server.listen.queue.size','128'),(1,'ipc.server.log.slow.rpc','false'),(1,'ipc.server.max.connections','0'),(1,'license.zookeeper.quorum','node545:2291,node546:2291,node547:2291'),(1,'net.topology.impl','org.apache.hadoop.net.NetworkTopology'),(1,'net.topology.node.switch.mapping.impl','org.apache.hadoop.net.ScriptBasedMapping'),(1,'net.topology.script.file.name','/usr/lib/transwarp/scripts/rack_map.sh'),(1,'net.topology.script.number.args','100'),(1,'nfs.allow.insecure.ports','true'),(1,'nfs.dump.dir','/tmp/.hdfs-nfs'),(1,'nfs.exports.allowed.hosts','* rw'),(1,'nfs.mountd.port','4242'),(1,'nfs.rtmax','1048576'),(1,'nfs.server.port','2049'),(1,'nfs.wtmax','1048576'),(1,'rpc.metrics.quantile.enable','false'),(1,'s3.blocksize','67108864'),(1,'s3.bytes-per-checksum','512'),(1,'s3.client-write-packet-size','65536'),(1,'s3.replication','3'),(1,'s3.stream-buffer-size','4096'),(1,'s3native.blocksize','67108864'),(1,'s3native.bytes-per-checksum','512'),(1,'s3native.client-write-packet-size','65536'),(1,'s3native.replication','3'),(1,'s3native.stream-buffer-size','4096'),(1,'service.registrant','hdfs'),(1,'service.startup.user','hdfs'),(1,'tfile.fs.input.buffer.size','262144'),(1,'tfile.fs.output.buffer.size','262144'),(1,'tfile.io.chunk.size','1048576'),(1,'transwarp.docker.enable','true'),(1,'transwarp.docker.network.hypervisor-subnetmask','255.255.255.255'),(1,'transwarp.docker.network.interfaces','eth0'),(1,'transwarp.docker.network.policy','io.transwarp.docker.DockerNetworkPolicyHostGW'),(2,'dfs.ha.fencing.methods','shell(/bin/true)'),(2,'dfs.ha.fencing.ssh.connect-timeout','30000'),(2,'file.blocksize','67108864'),(2,'file.bytes-per-checksum','512'),(2,'file.client-write-packet-size','65536'),(2,'file.replication','1'),(2,'file.stream-buffer-size','4096'),(2,'fs.AbstractFileSystem.file.impl','org.apache.hadoop.fs.local.LocalFs'),(2,'fs.AbstractFileSystem.ftp.impl','org.apache.hadoop.fs.ftp.FtpFs'),(2,'fs.AbstractFileSystem.har.impl','org.apache.hadoop.fs.HarFs'),(2,'fs.AbstractFileSystem.hdfs.impl','org.apache.hadoop.fs.Hdfs'),(2,'fs.AbstractFileSystem.viewfs.impl','org.apache.hadoop.fs.viewfs.ViewFs'),(2,'fs.automatic.close','true'),(2,'fs.client.resolve.remote.symlinks','true'),(2,'fs.defaultFS','hdfs://nameservice1'),(2,'fs.df.interval','60000'),(2,'fs.du.interval','600000'),(2,'fs.ftp.host','0.0.0.0'),(2,'fs.ftp.host.port','21'),(2,'fs.har.impl.disable.cache','true'),(2,'fs.permissions.umask-mode','022'),(2,'fs.s3.block.size','67108864'),(2,'fs.s3.buffer.dir','${hadoop.tmp.dir}/s3'),(2,'fs.s3.maxRetries','4'),(2,'fs.s3.sleepTimeSeconds','10'),(2,'fs.s3a.attempts.maximum','10'),(2,'fs.s3a.buffer.dir','${hadoop.tmp.dir}/s3a'),(2,'fs.s3a.connection.establish.timeout','5000'),(2,'fs.s3a.connection.maximum','15'),(2,'fs.s3a.connection.ssl.enabled','true'),(2,'fs.s3a.connection.timeout','50000'),(2,'fs.s3a.fast.buffer.size','1048576'),(2,'fs.s3a.fast.upload','false'),(2,'fs.s3a.impl','org.apache.hadoop.fs.s3a.S3AFileSystem'),(2,'fs.s3a.max.total.tasks','1000'),(2,'fs.s3a.multipart.purge','false'),(2,'fs.s3a.multipart.purge.age','86400'),(2,'fs.s3a.multipart.size','104857600'),(2,'fs.s3a.multipart.threshold','2147483647'),(2,'fs.s3a.paging.maximum','5000'),(2,'fs.s3a.threads.core','15'),(2,'fs.s3a.threads.keepalivetime','60'),(2,'fs.s3a.threads.max','256'),(2,'fs.s3n.block.size','67108864'),(2,'fs.s3n.multipart.copy.block.size','5368709120'),(2,'fs.s3n.multipart.uploads.block.size','67108864'),(2,'fs.s3n.multipart.uploads.enabled','false'),(2,'fs.swift.impl','org.apache.hadoop.fs.swift.snative.SwiftNativeFileSystem'),(2,'fs.trash.checkpoint.interval','0'),(2,'fs.trash.interval','1440'),(2,'ftp.blocksize','67108864'),(2,'ftp.bytes-per-checksum','512'),(2,'ftp.client-write-packet-size','65536'),(2,'ftp.replication','3'),(2,'ftp.stream-buffer-size','4096'),(2,'ha.failover-controller.cli-check.rpc-timeout.ms','20000'),(2,'ha.failover-controller.graceful-fence.connection.retries','1'),(2,'ha.failover-controller.graceful-fence.rpc-timeout.ms','5000'),(2,'ha.failover-controller.new-active.rpc-timeout.ms','60000'),(2,'ha.health-monitor.check-interval.ms','1000'),(2,'ha.health-monitor.connect-retry-interval.ms','1000'),(2,'ha.health-monitor.rpc-timeout.ms','45000'),(2,'ha.health-monitor.sleep-after-disconnect.ms','1000'),(2,'ha.zookeeper.acl','world:anyone:rwcda'),(2,'ha.zookeeper.parent-znode','/hdfs1-ha'),(2,'ha.zookeeper.quorum','node545:2181,node546:2181,node547:2181'),(2,'ha.zookeeper.session-timeout.ms','5000'),(2,'hadoop.common.configuration.version','0.23.0'),(2,'hadoop.http.authentication.kerberos.keytab','/etc/hdfs1/conf/hdfs.keytab'),(2,'hadoop.http.authentication.kerberos.principal','HTTP/node546@TDH'),(2,'hadoop.http.authentication.signature.secret.file','/etc/hadoop-http-auth-signature-secret'),(2,'hadoop.http.authentication.simple.anonymous.allowed','true'),(2,'hadoop.http.authentication.token.validity','36000'),(2,'hadoop.http.authentication.type','simple'),(2,'hadoop.http.cross-origin.allowed-headers','X-Requested-With,Content-Type,Accept,Origin'),(2,'hadoop.http.cross-origin.allowed-methods','GET,POST,HEAD'),(2,'hadoop.http.cross-origin.allowed-origins','*'),(2,'hadoop.http.cross-origin.enabled','false'),(2,'hadoop.http.cross-origin.max-age','1800'),(2,'hadoop.http.filter.initializers','org.apache.hadoop.security.AuthenticationFilterInitializer'),(2,'hadoop.http.staticuser.user','dr.who'),(2,'hadoop.jetty.logs.serve.aliases','true'),(2,'hadoop.kerberos.kinit.command','kinit'),(2,'hadoop.proxyuser.guardian.groups','*'),(2,'hadoop.proxyuser.guardian.hosts','*'),(2,'hadoop.proxyuser.hbase.groups','*'),(2,'hadoop.proxyuser.hbase.hosts','*'),(2,'hadoop.proxyuser.hdfs.groups','*'),(2,'hadoop.proxyuser.hdfs.hosts','*'),(2,'hadoop.proxyuser.hive.groups','*'),(2,'hadoop.proxyuser.hive.hosts','*'),(2,'hadoop.proxyuser.httpfs.groups','*'),(2,'hadoop.proxyuser.httpfs.hosts','*'),(2,'hadoop.proxyuser.hue.groups','*'),(2,'hadoop.proxyuser.hue.hosts','*'),(2,'hadoop.proxyuser.oozie.groups','*'),(2,'hadoop.proxyuser.oozie.hosts','*'),(2,'hadoop.proxyuser.root.groups','*'),(2,'hadoop.proxyuser.root.hosts','*'),(2,'hadoop.registry.jaas.context','Client'),(2,'hadoop.registry.rm.enabled','false'),(2,'hadoop.registry.secure','false'),(2,'hadoop.registry.system.acls','sasl:yarn@, sasl:mapred@, sasl:hdfs@'),(2,'hadoop.registry.zk.connection.timeout.ms','15000'),(2,'hadoop.registry.zk.quorum','localhost:2181'),(2,'hadoop.registry.zk.retry.ceiling.ms','60000'),(2,'hadoop.registry.zk.retry.interval.ms','1000'),(2,'hadoop.registry.zk.retry.times','5'),(2,'hadoop.registry.zk.root','/registry'),(2,'hadoop.registry.zk.session.timeout.ms','60000'),(2,'hadoop.rpc.protection','authentication'),(2,'hadoop.rpc.socket.factory.class.default','org.apache.hadoop.net.StandardSocketFactory'),(2,'hadoop.security.authentication','kerberos'),(2,'hadoop.security.authorization','true'),(2,'hadoop.security.crypto.buffer.size','8192'),(2,'hadoop.security.crypto.cipher.suite','AES/CTR/NoPadding'),(2,'hadoop.security.crypto.codec.classes.aes.ctr.nopadding','org.apache.hadoop.crypto.OpensslAesCtrCryptoCodec,org.apache.hadoop.crypto.JceAesCtrCryptoCodec'),(2,'hadoop.security.group.mapping','org.apache.hadoop.security.LdapGroupsMapping'),(2,'hadoop.security.group.mapping.ldap.base','dc=tdh'),(2,'hadoop.security.group.mapping.ldap.bind.password.file','/etc/hdfs1/conf/ldap-conn-pass.txt'),(2,'hadoop.security.group.mapping.ldap.bind.user','uid=admin,ou=system'),(2,'hadoop.security.group.mapping.ldap.directory.search.timeout','10000'),(2,'hadoop.security.group.mapping.ldap.search.attr.group.name','cn'),(2,'hadoop.security.group.mapping.ldap.search.attr.member','member'),(2,'hadoop.security.group.mapping.ldap.search.filter.group','(objectClass=configGroup)'),(2,'hadoop.security.group.mapping.ldap.search.filter.user','(&(objectClass=inetOrgPerson)(uid={0}))'),(2,'hadoop.security.group.mapping.ldap.ssl','false'),(2,'hadoop.security.group.mapping.ldap.url','ldap://node545:10389 ldap://node546:10389'),(2,'hadoop.security.groups.cache.secs','300'),(2,'hadoop.security.groups.cache.warn.after.ms','5000'),(2,'hadoop.security.groups.negative-cache.secs','30'),(2,'hadoop.security.instrumentation.requires.admin','false'),(2,'hadoop.security.java.secure.random.algorithm','SHA1PRNG'),(2,'hadoop.security.kms.client.authentication.retry-count','1'),(2,'hadoop.security.kms.client.encrypted.key.cache.expiry','43200000'),(2,'hadoop.security.kms.client.encrypted.key.cache.low-watermark','0.3f'),(2,'hadoop.security.kms.client.encrypted.key.cache.num.refill.threads','2'),(2,'hadoop.security.kms.client.encrypted.key.cache.size','500'),(2,'hadoop.security.random.device.file.path','/dev/urandom'),(2,'hadoop.security.sensitive-config-keys','password$,fs.s3.*[Ss]ecret.?[Kk]ey,fs.azure.account.key.*,dfs.webhdfs.oauth2.[a-z]+.token,hadoop.security.sensitive-config-keys'),(2,'hadoop.security.uid.cache.secs','14400'),(2,'hadoop.ssl.client.conf','ssl-client.xml'),(2,'hadoop.ssl.enabled','false'),(2,'hadoop.ssl.enabled.protocols','TLSv1'),(2,'hadoop.ssl.hostname.verifier','DEFAULT'),(2,'hadoop.ssl.keystores.factory.class','org.apache.hadoop.security.ssl.FileBasedKeyStoresFactory'),(2,'hadoop.ssl.require.client.cert','false'),(2,'hadoop.ssl.server.conf','ssl-server.xml'),(2,'hadoop.tmp.dir','/tmp/hadoop-${user.name}'),(2,'hadoop.user.group.static.mapping.overrides','dr.who=;'),(2,'hadoop.util.hash.type','murmur'),(2,'hadoop.work.around.non.threadsafe.getpwuid','false'),(2,'io.bytes.per.checksum','512'),(2,'io.compression.codec.bzip2.library','system-native'),(2,'io.file.buffer.size','4096'),(2,'io.map.index.interval','128'),(2,'io.map.index.skip','0'),(2,'io.mapfile.bloom.error.rate','0.005'),(2,'io.mapfile.bloom.size','1048576'),(2,'io.native.lib.available','true'),(2,'io.seqfile.compress.blocksize','1000000'),(2,'io.seqfile.lazydecompress','true'),(2,'io.seqfile.local.dir','${hadoop.tmp.dir}/io/local'),(2,'io.seqfile.sorter.recordlimit','1000000'),(2,'io.serializations','org.apache.hadoop.io.serializer.WritableSerialization,org.apache.hadoop.io.serializer.avro.AvroSpecificSerialization,org.apache.hadoop.io.serializer.avro.AvroReflectSerialization'),(2,'io.skip.checksum.errors','false'),(2,'ipc.client.connect.max.retries','10'),(2,'ipc.client.connect.max.retries.on.timeouts','45'),(2,'ipc.client.connect.retry.interval','1000'),(2,'ipc.client.connect.timeout','20000'),(2,'ipc.client.connection.maxidletime','10000'),(2,'ipc.client.fallback-to-simple-auth-allowed','false'),(2,'ipc.client.idlethreshold','4000'),(2,'ipc.client.kill.max','10'),(2,'ipc.maximum.data.length','67108864'),(2,'ipc.server.listen.queue.size','128'),(2,'ipc.server.log.slow.rpc','false'),(2,'ipc.server.max.connections','0'),(2,'map.sort.class','org.apache.hadoop.util.QuickSort'),(2,'mapred.child.java.opts','-agentpath:/usr/lib/hadoop/bin/libagent.so -Xmx2048m'),(2,'mapreduce.am.max-attempts','2'),(2,'mapreduce.app-submission.cross-platform','false'),(2,'mapreduce.client.completion.pollinterval','5000'),(2,'mapreduce.client.genericoptionsparser.used','true'),(2,'mapreduce.client.output.filter','FAILED'),(2,'mapreduce.client.progressmonitor.pollinterval','1000'),(2,'mapreduce.client.submit.file.replication','10'),(2,'mapreduce.cluster.acls.enabled','false'),(2,'mapreduce.cluster.local.dir','${hadoop.tmp.dir}/mapred/local'),(2,'mapreduce.cluster.temp.dir','${hadoop.tmp.dir}/mapred/temp'),(2,'mapreduce.fileoutputcommitter.algorithm.version','1'),(2,'mapreduce.framework.name','yarn'),(2,'mapreduce.ifile.readahead','true'),(2,'mapreduce.ifile.readahead.bytes','4194304'),(2,'mapreduce.input.fileinputformat.list-status.num-threads','1'),(2,'mapreduce.input.fileinputformat.split.minsize','0'),(2,'mapreduce.input.lineinputformat.linespermap','1'),(2,'mapreduce.job.acl-modify-job',' '),(2,'mapreduce.job.acl-view-job',' '),(2,'mapreduce.job.classloader','false'),(2,'mapreduce.job.committer.setup.cleanup.needed','true'),(2,'mapreduce.job.complete.cancel.delegation.tokens','true'),(2,'mapreduce.job.counters.max','120'),(2,'mapreduce.job.emit-timeline-data','false'),(2,'mapreduce.job.end-notification.max.attempts','5'),(2,'mapreduce.job.end-notification.max.retry.interval','5000'),(2,'mapreduce.job.end-notification.retry.attempts','0'),(2,'mapreduce.job.end-notification.retry.interval','1000'),(2,'mapreduce.job.finish-when-all-reducers-done','false'),(2,'mapreduce.job.hdfs-servers','${fs.defaultFS}'),(2,'mapreduce.job.jvm.numtasks','1'),(2,'mapreduce.job.map.output.collector.class','org.apache.hadoop.mapred.MapTask$MapOutputBuffer'),(2,'mapreduce.job.maps','1'),(2,'mapreduce.job.max.split.locations','500'),(2,'mapreduce.job.maxtaskfailures.per.tracker','3'),(2,'mapreduce.job.queuename','default'),(2,'mapreduce.job.reduce.shuffle.consumer.plugin.class','org.apache.hadoop.mapreduce.task.reduce.Shuffle'),(2,'mapreduce.job.reduce.slowstart.completedmaps','1'),(2,'mapreduce.job.reducer.preempt.delay.sec','0'),(2,'mapreduce.job.reducer.unconditional-preempt.delay.sec','300'),(2,'mapreduce.job.reduces','1'),(2,'mapreduce.job.running.map.limit','0'),(2,'mapreduce.job.running.reduce.limit','0'),(2,'mapreduce.job.speculative.minimum-allowed-tasks','10'),(2,'mapreduce.job.speculative.retry-after-no-speculate','1000'),(2,'mapreduce.job.speculative.retry-after-speculate','15000'),(2,'mapreduce.job.speculative.slowtaskthreshold','1.0'),(2,'mapreduce.job.speculative.speculative-cap-running-tasks','0.1'),(2,'mapreduce.job.speculative.speculative-cap-total-tasks','0.01'),(2,'mapreduce.job.split.metainfo.maxsize','10000000'),(2,'mapreduce.job.token.tracking.ids.enabled','false'),(2,'mapreduce.job.ubertask.enable','false'),(2,'mapreduce.job.ubertask.maxmaps','9'),(2,'mapreduce.job.ubertask.maxreduces','1'),(2,'mapreduce.job.userlog.retain.hours','24'),(2,'mapreduce.jobhistory.address','node545:10020'),(2,'mapreduce.jobhistory.admin.acl','*'),(2,'mapreduce.jobhistory.admin.address','0.0.0.0:10033'),(2,'mapreduce.jobhistory.cleaner.enable','true'),(2,'mapreduce.jobhistory.cleaner.interval-ms','86400000'),(2,'mapreduce.jobhistory.client.thread-count','10'),(2,'mapreduce.jobhistory.datestring.cache.size','200000'),(2,'mapreduce.jobhistory.done-dir','${yarn.app.mapreduce.am.staging-dir}/history/done'),(2,'mapreduce.jobhistory.http.policy','HTTP_ONLY'),(2,'mapreduce.jobhistory.intermediate-done-dir','${yarn.app.mapreduce.am.staging-dir}/history/done_intermediate'),(2,'mapreduce.jobhistory.joblist.cache.size','20000'),(2,'mapreduce.jobhistory.keytab','/etc/yarn1/conf/yarn.keytab'),(2,'mapreduce.jobhistory.loadedjobs.cache.size','5'),(2,'mapreduce.jobhistory.max-age-ms','604800000'),(2,'mapreduce.jobhistory.minicluster.fixed.ports','false'),(2,'mapreduce.jobhistory.move.interval-ms','180000'),(2,'mapreduce.jobhistory.move.thread-count','3'),(2,'mapreduce.jobhistory.principal','mapred/_HOST@TDH'),(2,'mapreduce.jobhistory.recovery.enable','false'),(2,'mapreduce.jobhistory.recovery.store.class','org.apache.hadoop.mapreduce.v2.hs.HistoryServerFileSystemStateStoreService'),(2,'mapreduce.jobhistory.recovery.store.fs.uri','${hadoop.tmp.dir}/mapred/history/recoverystore'),(2,'mapreduce.jobhistory.recovery.store.leveldb.path','${hadoop.tmp.dir}/mapred/history/recoverystore'),(2,'mapreduce.jobhistory.webapp.address','node545:19888'),(2,'mapreduce.jobhistory.webapp.spnego-keytab-file','/etc/yarn1/conf/yarn.keytab'),(2,'mapreduce.jobhistory.webapp.spnego-principal','HTTP/_HOST@TDH'),(2,'mapreduce.jobtracker.address','local'),(2,'mapreduce.jobtracker.expire.trackers.interval','600000'),(2,'mapreduce.jobtracker.handler.count','10'),(2,'mapreduce.jobtracker.heartbeats.in.second','100'),(2,'mapreduce.jobtracker.http.address','0.0.0.0:50030'),(2,'mapreduce.jobtracker.instrumentation','org.apache.hadoop.mapred.JobTrackerMetricsInst'),(2,'mapreduce.jobtracker.jobhistory.block.size','3145728'),(2,'mapreduce.jobtracker.jobhistory.lru.cache.size','5'),(2,'mapreduce.jobtracker.jobhistory.task.numberprogresssplits','12'),(2,'mapreduce.jobtracker.maxtasks.perjob','-1'),(2,'mapreduce.jobtracker.persist.jobstatus.active','true'),(2,'mapreduce.jobtracker.persist.jobstatus.dir','/jobtracker/jobsInfo'),(2,'mapreduce.jobtracker.persist.jobstatus.hours','1'),(2,'mapreduce.jobtracker.restart.recover','false'),(2,'mapreduce.jobtracker.retiredjobs.cache.size','1000'),(2,'mapreduce.jobtracker.staging.root.dir','${hadoop.tmp.dir}/mapred/staging'),(2,'mapreduce.jobtracker.system.dir','${hadoop.tmp.dir}/mapred/system'),(2,'mapreduce.jobtracker.taskcache.levels','2'),(2,'mapreduce.jobtracker.taskscheduler','org.apache.hadoop.mapred.JobQueueTaskScheduler'),(2,'mapreduce.jobtracker.tasktracker.maxblacklists','4'),(2,'mapreduce.local.clientfactory.class.name','org.apache.hadoop.mapred.LocalClientFactory'),(2,'mapreduce.map.cpu.vcores','1'),(2,'mapreduce.map.log.level','INFO'),(2,'mapreduce.map.maxattempts','4'),(2,'mapreduce.map.memory.mb','1024'),(2,'mapreduce.map.output.compress','false'),(2,'mapreduce.map.output.compress.codec','org.apache.hadoop.io.compress.DefaultCodec'),(2,'mapreduce.map.skip.maxrecords','0'),(2,'mapreduce.map.skip.proc.count.autoincr','true'),(2,'mapreduce.map.sort.spill.percent','0.80'),(2,'mapreduce.map.speculative','true'),(2,'mapreduce.output.fileoutputformat.compress','false'),(2,'mapreduce.output.fileoutputformat.compress.codec','org.apache.hadoop.io.compress.DefaultCodec'),(2,'mapreduce.output.fileoutputformat.compress.type','RECORD'),(2,'mapreduce.reduce.cpu.vcores','1'),(2,'mapreduce.reduce.input.buffer.percent','0.0'),(2,'mapreduce.reduce.log.level','INFO'),(2,'mapreduce.reduce.markreset.buffer.percent','0.0'),(2,'mapreduce.reduce.maxattempts','4'),(2,'mapreduce.reduce.memory.mb','1024'),(2,'mapreduce.reduce.merge.inmem.threshold','1000'),(2,'mapreduce.reduce.shuffle.connect.timeout','180000'),(2,'mapreduce.reduce.shuffle.fetch.retry.enabled','${yarn.nodemanager.recovery.enabled}'),(2,'mapreduce.reduce.shuffle.fetch.retry.interval-ms','1000'),(2,'mapreduce.reduce.shuffle.fetch.retry.timeout-ms','30000'),(2,'mapreduce.reduce.shuffle.input.buffer.percent','0.70'),(2,'mapreduce.reduce.shuffle.memory.limit.percent','0.25'),(2,'mapreduce.reduce.shuffle.merge.percent','0.66'),(2,'mapreduce.reduce.shuffle.parallelcopies','5'),(2,'mapreduce.reduce.shuffle.read.timeout','180000'),(2,'mapreduce.reduce.shuffle.retry-delay.max.ms','60000'),(2,'mapreduce.reduce.skip.maxgroups','0'),(2,'mapreduce.reduce.skip.proc.count.autoincr','true'),(2,'mapreduce.reduce.speculative','false'),(2,'mapreduce.shuffle.connection-keep-alive.enable','false'),(2,'mapreduce.shuffle.connection-keep-alive.timeout','5'),(2,'mapreduce.shuffle.listen.queue.size','128'),(2,'mapreduce.shuffle.max.connections','0'),(2,'mapreduce.shuffle.max.threads','0'),(2,'mapreduce.shuffle.port','13562'),(2,'mapreduce.shuffle.ssl.enabled','false'),(2,'mapreduce.shuffle.ssl.file.buffer.size','65536'),(2,'mapreduce.shuffle.transfer.buffer.size','131072'),(2,'mapreduce.task.combine.progress.records','10000'),(2,'mapreduce.task.files.preserve.failedtasks','false'),(2,'mapreduce.task.io.sort.factor','10'),(2,'mapreduce.task.io.sort.mb','100'),(2,'mapreduce.task.merge.progress.records','10000'),(2,'mapreduce.task.profile','false'),(2,'mapreduce.task.profile.map.params','${mapreduce.task.profile.params}'),(2,'mapreduce.task.profile.maps','0-2'),(2,'mapreduce.task.profile.params','-agentlib:hprof=cpu=samples,heap=sites,force=n,thread=y,verbose=n,file=%s'),(2,'mapreduce.task.profile.reduce.params','${mapreduce.task.profile.params}'),(2,'mapreduce.task.profile.reduces','0-2'),(2,'mapreduce.task.skip.start.attempts','2'),(2,'mapreduce.task.timeout','600000'),(2,'mapreduce.task.userlog.limit.kb','0'),(2,'mapreduce.tasktracker.dns.interface','default'),(2,'mapreduce.tasktracker.dns.nameserver','default'),(2,'mapreduce.tasktracker.healthchecker.interval','60000'),(2,'mapreduce.tasktracker.healthchecker.script.timeout','600000'),(2,'mapreduce.tasktracker.http.address','0.0.0.0:50060'),(2,'mapreduce.tasktracker.http.threads','40'),(2,'mapreduce.tasktracker.indexcache.mb','10'),(2,'mapreduce.tasktracker.instrumentation','org.apache.hadoop.mapred.TaskTrackerMetricsInst'),(2,'mapreduce.tasktracker.local.dir.minspacekill','0'),(2,'mapreduce.tasktracker.local.dir.minspacestart','0'),(2,'mapreduce.tasktracker.map.tasks.maximum','2'),(2,'mapreduce.tasktracker.outofband.heartbeat','false'),(2,'mapreduce.tasktracker.reduce.tasks.maximum','2'),(2,'mapreduce.tasktracker.report.address','127.0.0.1:0'),(2,'mapreduce.tasktracker.taskcontroller','org.apache.hadoop.mapred.DefaultTaskController'),(2,'mapreduce.tasktracker.taskmemorymanager.monitoringinterval','5000'),(2,'mapreduce.tasktracker.tasks.sleeptimebeforesigkill','5000'),(2,'net.topology.impl','org.apache.hadoop.net.NetworkTopology'),(2,'net.topology.node.switch.mapping.impl','org.apache.hadoop.net.ScriptBasedMapping'),(2,'net.topology.script.file.name','/usr/lib/transwarp/scripts/rack_map.sh'),(2,'net.topology.script.number.args','100'),(2,'nfs.exports.allowed.hosts','* rw'),(2,'raid.distraid.max.files','300'),(2,'raid.distraid.max.jobs','10'),(2,'raidnode.files.fix.per.job','500'),(2,'rpc.metrics.quantile.enable','false'),(2,'s3.blocksize','67108864'),(2,'s3.bytes-per-checksum','512'),(2,'s3.client-write-packet-size','65536'),(2,'s3.replication','3'),(2,'s3.stream-buffer-size','4096'),(2,'s3native.blocksize','67108864'),(2,'s3native.bytes-per-checksum','512'),(2,'s3native.client-write-packet-size','65536'),(2,'s3native.replication','3'),(2,'s3native.stream-buffer-size','4096'),(2,'service.registrant','yarn'),(2,'service.startup.user','yarn'),(2,'tfile.fs.input.buffer.size','262144'),(2,'tfile.fs.output.buffer.size','262144'),(2,'tfile.io.chunk.size','1048576'),(2,'transwarp.docker.enable','true'),(2,'transwarp.docker.network.hypervisor-subnetmask','255.255.255.255'),(2,'transwarp.docker.network.interfaces','eth0'),(2,'transwarp.docker.network.policy','io.transwarp.docker.DockerNetworkPolicyHostGW'),(2,'yarn.acl.enable','false'),(2,'yarn.admin.acl','*'),(2,'yarn.am.liveness-monitor.expiry-interval-ms','600000'),(2,'yarn.app.mapreduce.am.command-opts','-agentpath:/usr/lib/hadoop/bin/libagent.so -Xmx2048m'),(2,'yarn.app.mapreduce.am.container.log.backups','0'),(2,'yarn.app.mapreduce.am.container.log.limit.kb','0'),(2,'yarn.app.mapreduce.am.containerlauncher.threadpool-initial-size','10'),(2,'yarn.app.mapreduce.am.hard-kill-timeout-ms','10000'),(2,'yarn.app.mapreduce.am.job.committer.cancel-timeout','60000'),(2,'yarn.app.mapreduce.am.job.committer.commit-window','10000'),(2,'yarn.app.mapreduce.am.job.task.listener.thread-count','30'),(2,'yarn.app.mapreduce.am.resource.cpu-vcores','1'),(2,'yarn.app.mapreduce.am.resource.mb','1536'),(2,'yarn.app.mapreduce.am.scheduler.heartbeat.interval-ms','1000'),(2,'yarn.app.mapreduce.am.staging-dir','/yarn1/user'),(2,'yarn.app.mapreduce.client-am.ipc.max-retries','3'),(2,'yarn.app.mapreduce.client-am.ipc.max-retries-on-timeouts','3'),(2,'yarn.app.mapreduce.client.job.max-retries','0'),(2,'yarn.app.mapreduce.client.job.retry-interval','2000'),(2,'yarn.app.mapreduce.client.max-retries','3'),(2,'yarn.app.mapreduce.shuffle.log.backups','0'),(2,'yarn.app.mapreduce.shuffle.log.limit.kb','0'),(2,'yarn.app.mapreduce.shuffle.log.separate','true'),(2,'yarn.app.mapreduce.task.container.log.backups','0'),(2,'yarn.application.classpath','/etc/yarn1/conf,/usr/lib/hadoop/*,/usr/lib/hadoop/lib/*,/usr/lib/hadoop-hdfs/*,/usr/lib/hadoop-hdfs/lib/*,/usr/lib/hadoop-yarn/*,/usr/lib/hadoop-yarn/lib/*,/usr/lib/hadoop-mapreduce/*,/usr/lib/hadoop-mapreduce/lib/*'),(2,'yarn.authorization-provider','io.transwarp.guardian.plugins.yarn.GuardianYarnAuthorizer'),(2,'yarn.client.application-client-protocol.poll-interval-ms','200'),(2,'yarn.client.failover-proxy-provider','org.apache.hadoop.yarn.client.ConfiguredRMFailoverProxyProvider'),(2,'yarn.client.failover-retries','0'),(2,'yarn.client.failover-retries-on-socket-timeouts','0'),(2,'yarn.client.max-cached-nodemanagers-proxies','0'),(2,'yarn.client.nodemanager-client-async.thread-pool-max-size','500'),(2,'yarn.client.nodemanager-connect.max-wait-ms','180000'),(2,'yarn.client.nodemanager-connect.retry-interval-ms','10000'),(2,'yarn.dispatcher.drain-events.timeout','300000'),(2,'yarn.dispatcher.exit-on-error','true'),(2,'yarn.fail-fast','false'),(2,'yarn.http.policy','HTTP_ONLY'),(2,'yarn.ipc.rpc.class','org.apache.hadoop.yarn.ipc.HadoopYarnProtoRPC'),(2,'yarn.log-aggregation-enable','false'),(2,'yarn.log-aggregation.retain-check-interval-seconds','-1'),(2,'yarn.log-aggregation.retain-seconds','-1'),(2,'yarn.log.server.url','http://node545:19888/jobhistory/logs/'),(2,'yarn.nm.liveness-monitor.expiry-interval-ms','600000'),(2,'yarn.nodemanager.address','${yarn.nodemanager.hostname}:0'),(2,'yarn.nodemanager.admin-env','MALLOC_ARENA_MAX=$MALLOC_ARENA_MAX'),(2,'yarn.nodemanager.aux-services','mapreduce_shuffle'),(2,'yarn.nodemanager.aux-services.mapreduce_shuffle.class','org.apache.hadoop.mapred.ShuffleHandler'),(2,'yarn.nodemanager.container-executor.class','org.apache.hadoop.yarn.server.nodemanager.DefaultContainerExecutor'),(2,'yarn.nodemanager.container-manager.thread-count','20'),(2,'yarn.nodemanager.container-metrics.unregister-delay-ms','10000'),(2,'yarn.nodemanager.container-monitor.interval-ms','3000'),(2,'yarn.nodemanager.container-monitor.procfs-tree.smaps-based-rss.enabled','false'),(2,'yarn.nodemanager.delete.debug-delay-sec','86400'),(2,'yarn.nodemanager.delete.thread-count','4'),(2,'yarn.nodemanager.disk-health-checker.interval-ms','120000'),(2,'yarn.nodemanager.disk-health-checker.max-disk-utilization-per-disk-percentage','90.0'),(2,'yarn.nodemanager.disk-health-checker.min-free-space-per-disk-mb','0'),(2,'yarn.nodemanager.disk-health-checker.min-healthy-disks','0.25'),(2,'yarn.nodemanager.docker-container-executor.exec-name','/usr/bin/docker'),(2,'yarn.nodemanager.env-whitelist','JAVA_HOME,HADOOP_COMMON_HOME,HADOOP_HDFS_HOME,HADOOP_CONF_DIR,HADOOP_YARN_HOME'),(2,'yarn.nodemanager.health-checker.interval-ms','600000'),(2,'yarn.nodemanager.health-checker.script.timeout-ms','1200000'),(2,'yarn.nodemanager.hostname','0.0.0.0'),(2,'yarn.nodemanager.keytab','/etc/yarn1/conf/yarn.keytab'),(2,'yarn.nodemanager.linux-container-executor.cgroups.hierarchy','/hadoop-yarn'),(2,'yarn.nodemanager.linux-container-executor.cgroups.mount','false'),(2,'yarn.nodemanager.linux-container-executor.cgroups.strict-resource-usage','false'),(2,'yarn.nodemanager.linux-container-executor.group','yarn'),(2,'yarn.nodemanager.linux-container-executor.nonsecure-mode.limit-users','true'),(2,'yarn.nodemanager.linux-container-executor.nonsecure-mode.local-user','nobody'),(2,'yarn.nodemanager.linux-container-executor.nonsecure-mode.user-pattern','^[_.A-Za-z0-9][-@_.A-Za-z0-9]{0,255}?[$]?$'),(2,'yarn.nodemanager.linux-container-executor.resources-handler.class','org.apache.hadoop.yarn.server.nodemanager.util.DefaultLCEResourcesHandler'),(2,'yarn.nodemanager.local-cache.max-files-per-directory','8192'),(2,'yarn.nodemanager.local-dirs','/vdir/mnt/disk1/hadoop/yarn/local'),(2,'yarn.nodemanager.localizer.address','${yarn.nodemanager.hostname}:8040'),(2,'yarn.nodemanager.localizer.cache.cleanup.interval-ms','600000'),(2,'yarn.nodemanager.localizer.cache.target-size-mb','10240'),(2,'yarn.nodemanager.localizer.client.thread-count','5'),(2,'yarn.nodemanager.localizer.fetch.thread-count','4'),(2,'yarn.nodemanager.log-aggregation.compression-type','none'),(2,'yarn.nodemanager.log-aggregation.roll-monitoring-interval-seconds','-1'),(2,'yarn.nodemanager.log-dirs','/vdir/mnt/disk1/hadoop/yarn/logs'),(2,'yarn.nodemanager.log.retain-seconds','10800'),(2,'yarn.nodemanager.pmem-check-enabled','false'),(2,'yarn.nodemanager.principal','yarn/_HOST@TDH'),(2,'yarn.nodemanager.process-kill-wait.ms','2000'),(2,'yarn.nodemanager.recovery.compaction-interval-secs','3600'),(2,'yarn.nodemanager.recovery.dir','${hadoop.tmp.dir}/yarn-nm-recovery'),(2,'yarn.nodemanager.recovery.enabled','false'),(2,'yarn.nodemanager.remote-app-log-dir','/yarn1/var/log/hadoop-yarn/apps'),(2,'yarn.nodemanager.remote-app-log-dir-suffix','logs'),(2,'yarn.nodemanager.resource.cpu-vcores','3'),(2,'yarn.nodemanager.resource.memory-mb','  4096'),(2,'yarn.nodemanager.resource.percentage-physical-cpu-limit','100'),(2,'yarn.nodemanager.resourcemanager.minimum.version','NONE'),(2,'yarn.nodemanager.sleep-delay-before-sigkill.ms','250'),(2,'yarn.nodemanager.vmem-check-enabled','false'),(2,'yarn.nodemanager.vmem-pmem-ratio','2.1'),(2,'yarn.nodemanager.webapp.address','${yarn.nodemanager.hostname}:8042'),(2,'yarn.nodemanager.webapp.cross-origin.enabled','false'),(2,'yarn.nodemanager.windows-container.cpu-limit.enabled','false'),(2,'yarn.nodemanager.windows-container.memory-limit.enabled','false'),(2,'yarn.resourcemanager.address','node546:8032'),(2,'yarn.resourcemanager.address.rm1','node545:8032'),(2,'yarn.resourcemanager.address.rm2','node546:8032'),(2,'yarn.resourcemanager.admin.address','node546:8033'),(2,'yarn.resourcemanager.admin.address.rm1','node545:8033'),(2,'yarn.resourcemanager.admin.address.rm2','node546:8033'),(2,'yarn.resourcemanager.admin.client.thread-count','1'),(2,'yarn.resourcemanager.am-rm-tokens.master-key-rolling-interval-secs','86400'),(2,'yarn.resourcemanager.am.max-attempts','2'),(2,'yarn.resourcemanager.amlauncher.thread-count','50'),(2,'yarn.resourcemanager.client.thread-count','50'),(2,'yarn.resourcemanager.cluster-id','yarn1-cluster'),(2,'yarn.resourcemanager.configuration.provider-class','io.transwarp.guardian.plugins.yarn.GuardianYarnConfigurationProvider'),(2,'yarn.resourcemanager.connect.max-wait.ms','900000'),(2,'yarn.resourcemanager.connect.retry-interval.ms','30000'),(2,'yarn.resourcemanager.container-tokens.master-key-rolling-interval-secs','86400'),(2,'yarn.resourcemanager.container.liveness-monitor.interval-ms','600000'),(2,'yarn.resourcemanager.delayed.delegation-token.removal-interval-ms','30000'),(2,'yarn.resourcemanager.fail-fast','${yarn.fail-fast}'),(2,'yarn.resourcemanager.fs.state-store.num-retries','0'),(2,'yarn.resourcemanager.fs.state-store.retry-interval-ms','1000'),(2,'yarn.resourcemanager.fs.state-store.retry-policy-spec','2000, 500'),(2,'yarn.resourcemanager.fs.state-store.uri','${hadoop.tmp.dir}/yarn/system/rmstore'),(2,'yarn.resourcemanager.ha.automatic-failover.embedded','true'),(2,'yarn.resourcemanager.ha.automatic-failover.enabled','true'),(2,'yarn.resourcemanager.ha.automatic-failover.zk-base-path','/yarn-leader-election'),(2,'yarn.resourcemanager.ha.enabled','true'),(2,'yarn.resourcemanager.ha.id','rm2'),(2,'yarn.resourcemanager.ha.rm-ids','rm1,rm2'),(2,'yarn.resourcemanager.hostname','0.0.0.0'),(2,'yarn.resourcemanager.keytab','/etc/yarn1/conf/yarn.keytab'),(2,'yarn.resourcemanager.leveldb-state-store.compaction-interval-secs','3600'),(2,'yarn.resourcemanager.leveldb-state-store.path','${hadoop.tmp.dir}/yarn/system/rmstore'),(2,'yarn.resourcemanager.max-completed-applications','10000'),(2,'yarn.resourcemanager.nodemanager-connect-retries','10'),(2,'yarn.resourcemanager.nodemanager.minimum.version','NONE'),(2,'yarn.resourcemanager.nodemanagers.heartbeat-interval-ms','1000'),(2,'yarn.resourcemanager.nodes.exclude-path','/etc/yarn1/conf/yarn.exclude'),(2,'yarn.resourcemanager.principal','yarn/_HOST@TDH'),(2,'yarn.resourcemanager.proxy-user-privileges.enabled','false'),(2,'yarn.resourcemanager.recovery.enabled','true'),(2,'yarn.resourcemanager.resource-tracker.address','node546:8031'),(2,'yarn.resourcemanager.resource-tracker.address.rm1','node545:8031'),(2,'yarn.resourcemanager.resource-tracker.address.rm2','node546:8031'),(2,'yarn.resourcemanager.resource-tracker.client.thread-count','50'),(2,'yarn.resourcemanager.scheduler.address','node546:8030'),(2,'yarn.resourcemanager.scheduler.address.rm1','node545:8030'),(2,'yarn.resourcemanager.scheduler.address.rm2','node546:8030'),(2,'yarn.resourcemanager.scheduler.class','org.apache.hadoop.yarn.server.resourcemanager.scheduler.capacity.CapacityScheduler'),(2,'yarn.resourcemanager.scheduler.client.thread-count','50'),(2,'yarn.resourcemanager.scheduler.monitor.enable','false'),(2,'yarn.resourcemanager.scheduler.monitor.policies','org.apache.hadoop.yarn.server.resourcemanager.monitor.capacity.ProportionalCapacityPreemptionPolicy'),(2,'yarn.resourcemanager.state-store.max-completed-applications','${yarn.resourcemanager.max-completed-applications}'),(2,'yarn.resourcemanager.store.class','org.apache.hadoop.yarn.server.resourcemanager.recovery.ZKRMStateStore'),(2,'yarn.resourcemanager.system-metrics-publisher.dispatcher.pool-size','10'),(2,'yarn.resourcemanager.system-metrics-publisher.enabled','false'),(2,'yarn.resourcemanager.webapp.address','node546:8088'),(2,'yarn.resourcemanager.webapp.address.rm1','node545:8088'),(2,'yarn.resourcemanager.webapp.address.rm2','node546:8088'),(2,'yarn.resourcemanager.webapp.cross-origin.enabled','false'),(2,'yarn.resourcemanager.webapp.delegation-token-auth-filter.enabled','true'),(2,'yarn.resourcemanager.webapp.https.address','${yarn.resourcemanager.hostname}:8090'),(2,'yarn.resourcemanager.work-preserving-recovery.enabled','true'),(2,'yarn.resourcemanager.work-preserving-recovery.scheduling-wait-ms','10000'),(2,'yarn.resourcemanager.zk-acl','world:anyone:rwcda'),(2,'yarn.resourcemanager.zk-address','node545:2181,node546:2181,node547:2181'),(2,'yarn.resourcemanager.zk-num-retries','1000'),(2,'yarn.resourcemanager.zk-retry-interval-ms','1000'),(2,'yarn.resourcemanager.zk-state-store.parent-path','/rmstore-yarn1'),(2,'yarn.resourcemanager.zk-timeout-ms','10000'),(2,'yarn.scheduler.maximum-allocation-mb','98304'),(2,'yarn.scheduler.maximum-allocation-vcores','96'),(2,'yarn.scheduler.minimum-allocation-mb','1024'),(2,'yarn.scheduler.minimum-allocation-vcores','1'),(2,'yarn.service.id','yarn1'),(2,'yarn.sharedcache.admin.address','0.0.0.0:8047'),(2,'yarn.sharedcache.admin.thread-count','1'),(2,'yarn.sharedcache.app-checker.class','org.apache.hadoop.yarn.server.sharedcachemanager.RemoteAppChecker'),(2,'yarn.sharedcache.checksum.algo.impl','org.apache.hadoop.yarn.sharedcache.ChecksumSHA256Impl'),(2,'yarn.sharedcache.cleaner.initial-delay-mins','10'),(2,'yarn.sharedcache.cleaner.period-mins','1440'),(2,'yarn.sharedcache.cleaner.resource-sleep-ms','0'),(2,'yarn.sharedcache.client-server.address','0.0.0.0:8045'),(2,'yarn.sharedcache.client-server.thread-count','50'),(2,'yarn.sharedcache.enabled','false'),(2,'yarn.sharedcache.nested-level','3'),(2,'yarn.sharedcache.nm.uploader.replication.factor','10'),(2,'yarn.sharedcache.nm.uploader.thread-count','20'),(2,'yarn.sharedcache.root-dir','/sharedcache'),(2,'yarn.sharedcache.store.class','org.apache.hadoop.yarn.server.sharedcachemanager.store.InMemorySCMStore'),(2,'yarn.sharedcache.store.in-memory.check-period-mins','720'),(2,'yarn.sharedcache.store.in-memory.initial-delay-mins','10'),(2,'yarn.sharedcache.store.in-memory.staleness-period-mins','10080'),(2,'yarn.sharedcache.uploader.server.address','0.0.0.0:8046'),(2,'yarn.sharedcache.uploader.server.thread-count','50'),(2,'yarn.sharedcache.webapp.address','0.0.0.0:8788'),(2,'yarn.timeline-service.address','${yarn.timeline-service.hostname}:10200'),(2,'yarn.timeline-service.client.best-effort','false'),(2,'yarn.timeline-service.client.max-retries','30'),(2,'yarn.timeline-service.client.retry-interval-ms','1000'),(2,'yarn.timeline-service.enabled','false'),(2,'yarn.timeline-service.generic-application-history.max-applications','10000'),(2,'yarn.timeline-service.handler-thread-count','10'),(2,'yarn.timeline-service.hostname','node547'),(2,'yarn.timeline-service.http-authentication.kerberos.keytab','/etc/yarn1/conf/yarn.keytab'),(2,'yarn.timeline-service.http-authentication.kerberos.principal','HTTP/_HOST@TDH'),(2,'yarn.timeline-service.http-authentication.simple.anonymous.allowed','true'),(2,'yarn.timeline-service.http-authentication.type','kerberos'),(2,'yarn.timeline-service.keytab','/etc/yarn1/conf/yarn.keytab'),(2,'yarn.timeline-service.leveldb-state-store.path','${hadoop.tmp.dir}/yarn/timeline'),(2,'yarn.timeline-service.leveldb-timeline-store.path','${hadoop.tmp.dir}/yarn/timeline'),(2,'yarn.timeline-service.leveldb-timeline-store.read-cache-size','104857600'),(2,'yarn.timeline-service.leveldb-timeline-store.start-time-read-cache-size','10000'),(2,'yarn.timeline-service.leveldb-timeline-store.start-time-write-cache-size','10000'),(2,'yarn.timeline-service.leveldb-timeline-store.ttl-interval-ms','300000'),(2,'yarn.timeline-service.principal','yarn/_HOST@TDH'),(2,'yarn.timeline-service.recovery.enabled','false'),(2,'yarn.timeline-service.state-store-class','org.apache.hadoop.yarn.server.timeline.recovery.LeveldbTimelineStateStore'),(2,'yarn.timeline-service.store-class','org.apache.hadoop.yarn.server.timeline.LeveldbTimelineStore'),(2,'yarn.timeline-service.ttl-enable','true'),(2,'yarn.timeline-service.ttl-ms','604800000'),(2,'yarn.timeline-service.webapp.address','node547:8188'),(2,'yarn.timeline-service.webapp.https.address','node547:8190'),(3,'cluster.name','cluster'),(3,'dfs.accesstoken.enabled','true'),(3,'dfs.balancer.address','0.0.0.0:0'),(3,'dfs.balancer.block-move.timeout','0'),(3,'dfs.balancer.keytab.enabled','false'),(3,'dfs.balancer.max-no-move-interval','60000'),(3,'dfs.block.access.key.update.interval','600'),(3,'dfs.block.access.token.enable','true'),(3,'dfs.block.access.token.lifetime','600'),(3,'dfs.block.scanner.volume.bytes.per.second','1048576'),(3,'dfs.blockreport.initialDelay','0'),(3,'dfs.blockreport.intervalMsec','21600000'),(3,'dfs.blockreport.split.threshold','1000000'),(3,'dfs.blocksize','134217728'),(3,'dfs.bytes-per-checksum','512'),(3,'dfs.cachereport.intervalMsec','10000'),(3,'dfs.cas.enabled','true'),(3,'dfs.cas.login.path','https://172.26.5.46:8393/cas/login'),(3,'dfs.cas.prefix.path','https://172.26.5.46:8393/cas'),(3,'dfs.client-write-packet-size','65536'),(3,'dfs.client.block.write.replace-datanode-on-failure.best-effort','false'),(3,'dfs.client.block.write.replace-datanode-on-failure.enable','true'),(3,'dfs.client.block.write.replace-datanode-on-failure.policy','DEFAULT'),(3,'dfs.client.block.write.retries','3'),(3,'dfs.client.cached.conn.retry','3'),(3,'dfs.client.context','default'),(3,'dfs.client.datanode-restart.timeout','30'),(3,'dfs.client.domain.socket.data.traffic','false'),(3,'dfs.client.failover.connection.retries','0'),(3,'dfs.client.failover.connection.retries.on.timeouts','0'),(3,'dfs.client.failover.max.attempts','15'),(3,'dfs.client.failover.proxy.provider.nameservice1','org.apache.hadoop.hdfs.server.namenode.ha.ConfiguredFailoverProxyProvider'),(3,'dfs.client.failover.sleep.base.millis','500'),(3,'dfs.client.failover.sleep.max.millis','15000'),(3,'dfs.client.file-block-storage-locations.num-threads','10'),(3,'dfs.client.file-block-storage-locations.timeout.millis','1000'),(3,'dfs.client.https.keystore.resource','ssl-client.xml'),(3,'dfs.client.https.need-auth','false'),(3,'dfs.client.mmap.cache.size','256'),(3,'dfs.client.mmap.cache.timeout.ms','3600000'),(3,'dfs.client.mmap.enabled','true'),(3,'dfs.client.mmap.retry.timeout.ms','300000'),(3,'dfs.client.read.shortcircuit','true'),(3,'dfs.client.read.shortcircuit.skip.checksum','false'),(3,'dfs.client.read.shortcircuit.streams.cache.expiry.ms','300000'),(3,'dfs.client.read.shortcircuit.streams.cache.size','256'),(3,'dfs.client.short.circuit.replica.stale.threshold.ms','1800000'),(3,'dfs.client.slow.io.warning.threshold.ms','30000'),(3,'dfs.client.socket-timeout','120000'),(3,'dfs.client.socket.send.buffer.size','131072'),(3,'dfs.client.use.datanode.hostname','false'),(3,'dfs.client.use.legacy.blockreader.local','false'),(3,'dfs.client.write.exclude.nodes.cache.expiry.interval.millis','600000'),(3,'dfs.data.transfer.protection','integrity'),(3,'dfs.datanode.address','0.0.0.0:50010'),(3,'dfs.datanode.available-space-volume-choosing-policy.balanced-space-preference-fraction','0.75f'),(3,'dfs.datanode.available-space-volume-choosing-policy.balanced-space-threshold','10737418240'),(3,'dfs.datanode.balance.bandwidthPerSec','1048576'),(3,'dfs.datanode.block-pinning.enabled','false'),(3,'dfs.datanode.block.id.layout.upgrade.threads','12'),(3,'dfs.datanode.bp-ready.timeout','20'),(3,'dfs.datanode.cache.revocation.polling.ms','500'),(3,'dfs.datanode.cache.revocation.timeout.ms','900000'),(3,'dfs.datanode.data.dir','/vdir/mnt/disk1/hadoop/data'),(3,'dfs.datanode.data.dir.perm','755'),(3,'dfs.datanode.directoryscan.interval','21600'),(3,'dfs.datanode.directoryscan.threads','1'),(3,'dfs.datanode.directoryscan.throttle.limit.ms.per.sec','0'),(3,'dfs.datanode.dns.interface','default'),(3,'dfs.datanode.dns.nameserver','default'),(3,'dfs.datanode.drop.cache.behind.reads','false'),(3,'dfs.datanode.drop.cache.behind.writes','false'),(3,'dfs.datanode.du.reserved','21464350720'),(3,'dfs.datanode.failed.volumes.tolerated','0'),(3,'dfs.datanode.fsdatasetcache.max.threads.per.volume','4'),(3,'dfs.datanode.handler.count','30'),(3,'dfs.datanode.hdfs-blocks-metadata.enabled','false'),(3,'dfs.datanode.http.address','0.0.0.0:50075'),(3,'dfs.datanode.https.address','0.0.0.0:50475'),(3,'dfs.datanode.ipc.address','0.0.0.0:50020'),(3,'dfs.datanode.kerberos.principal','hdfs/_HOST@TDH'),(3,'dfs.datanode.keytab.file','/etc/hdfs1/conf/hdfs.keytab'),(3,'dfs.datanode.max.locked.memory','0'),(3,'dfs.datanode.max.transfer.threads','4096'),(3,'dfs.datanode.readahead.bytes','4194304'),(3,'dfs.datanode.scan.period.hours','504'),(3,'dfs.datanode.shared.file.descriptor.paths','/dev/shm,/tmp'),(3,'dfs.datanode.slow.io.warning.threshold.ms','300'),(3,'dfs.datanode.sync.behind.writes','false'),(3,'dfs.datanode.transfer.socket.recv.buffer.size','131072'),(3,'dfs.datanode.transfer.socket.send.buffer.size','131072'),(3,'dfs.datanode.use.datanode.hostname','false'),(3,'dfs.default.chunk.view.size','32768'),(3,'dfs.domain.socket.path','/var/run/hdfs1/dn_socket'),(3,'dfs.encrypt.data.transfer','false'),(3,'dfs.encrypt.data.transfer.cipher.key.bitlength','128'),(3,'dfs.ha.automatic-failover.enabled','false'),(3,'dfs.ha.automatic-failover.enabled.nameservice1','true'),(3,'dfs.ha.fencing.methods','shell(/bin/true)'),(3,'dfs.ha.fencing.ssh.connect-timeout','30000'),(3,'dfs.ha.log-roll.period','120'),(3,'dfs.ha.namenodes.nameservice1','nn1,nn2'),(3,'dfs.ha.tail-edits.period','60'),(3,'dfs.heartbeat.interval','3'),(3,'dfs.hosts.exclude','/etc/hdfs1/conf/exclude-list.txt'),(3,'dfs.http.policy','HTTP_ONLY'),(3,'dfs.https.server.keystore.resource','ssl-server.xml'),(3,'dfs.image.compress','false'),(3,'dfs.image.compression.codec','org.apache.hadoop.io.compress.DefaultCodec'),(3,'dfs.image.transfer.bandwidthPerSec','0'),(3,'dfs.image.transfer.chunksize','65536'),(3,'dfs.image.transfer.timeout','60000'),(3,'dfs.journalnode.edits.dir','/hadoop/journal'),(3,'dfs.journalnode.http-address','0.0.0.0:8480'),(3,'dfs.journalnode.https-address','0.0.0.0:8481'),(3,'dfs.journalnode.kerberos.internal.spnego.principal','HTTP/_HOST@TDH'),(3,'dfs.journalnode.kerberos.principal','hdfs/_HOST@TDH'),(3,'dfs.journalnode.keytab.file','/etc/hdfs1/conf/hdfs.keytab'),(3,'dfs.journalnode.rpc-address','0.0.0.0:8485'),(3,'dfs.lock.suppress.warning.interval','10s'),(3,'dfs.mover.max-no-move-interval','60000'),(3,'dfs.namenode.accesstime.precision','3600000'),(3,'dfs.namenode.acls.enabled','true'),(3,'dfs.namenode.audit.loggers','default'),(3,'dfs.namenode.avoid.read.stale.datanode','false'),(3,'dfs.namenode.avoid.write.stale.datanode','false'),(3,'dfs.namenode.backup.address','0.0.0.0:50100'),(3,'dfs.namenode.backup.http-address','0.0.0.0:50105'),(3,'dfs.namenode.block-placement-policy.default.prefer-local-node','true'),(3,'dfs.namenode.blocks.per.postponedblocks.rescan','10000'),(3,'dfs.namenode.checkpoint.check.period','60'),(3,'dfs.namenode.checkpoint.dir','file://${hadoop.tmp.dir}/dfs/namesecondary'),(3,'dfs.namenode.checkpoint.edits.dir','${dfs.namenode.checkpoint.dir}'),(3,'dfs.namenode.checkpoint.max-retries','3'),(3,'dfs.namenode.checkpoint.period','3600'),(3,'dfs.namenode.checkpoint.txns','1000000'),(3,'dfs.namenode.datanode.registration.ip-hostname-check','true'),(3,'dfs.namenode.decommission.blocks.per.interval','500000'),(3,'dfs.namenode.decommission.interval','30'),(3,'dfs.namenode.decommission.max.concurrent.tracked.nodes','100'),(3,'dfs.namenode.delegation.key.update-interval','86400000'),(3,'dfs.namenode.delegation.token.max-lifetime','604800000'),(3,'dfs.namenode.delegation.token.renew-interval','86400000'),(3,'dfs.namenode.edit.log.autoroll.check.interval.ms','300000'),(3,'dfs.namenode.edit.log.autoroll.multiplier.threshold','2.0'),(3,'dfs.namenode.edits.dir','${dfs.namenode.name.dir}'),(3,'dfs.namenode.edits.journal-plugin.qjournal','org.apache.hadoop.hdfs.qjournal.client.QuorumJournalManager'),(3,'dfs.namenode.edits.noeditlogchannelflush','false'),(3,'dfs.namenode.enable.retrycache','true'),(3,'dfs.namenode.fs-limits.max-blocks-per-file','1048576'),(3,'dfs.namenode.fs-limits.max-component-length','255'),(3,'dfs.namenode.fs-limits.max-directory-items','1048576'),(3,'dfs.namenode.fs-limits.max-xattr-size','16384'),(3,'dfs.namenode.fs-limits.max-xattrs-per-inode','32'),(3,'dfs.namenode.fs-limits.min-block-size','1048576'),(3,'dfs.namenode.fslock.fair','true'),(3,'dfs.namenode.handler.count','100'),(3,'dfs.namenode.heartbeat.recheck-interval','300000'),(3,'dfs.namenode.http-address','0.0.0.0:50070'),(3,'dfs.namenode.http-address.nameservice1.nn1','node545:50070'),(3,'dfs.namenode.http-address.nameservice1.nn2','node546:50070'),(3,'dfs.namenode.https-address','0.0.0.0:50470'),(3,'dfs.namenode.inode.attributes.provider.class','io.transwarp.guardian.plugins.hdfs.GuardianINodeAttributeProvider'),(3,'dfs.namenode.inotify.max.events.per.rpc','1000'),(3,'dfs.namenode.invalidate.work.pct.per.iteration','0.32f'),(3,'dfs.namenode.kerberos.internal.spnego.principal','HTTP/_HOST@TDH'),(3,'dfs.namenode.kerberos.principal','hdfs/_HOST@TDH'),(3,'dfs.namenode.kerberos.principal.pattern','*'),(3,'dfs.namenode.keytab.file','/etc/hdfs1/conf/hdfs.keytab'),(3,'dfs.namenode.lazypersist.file.scrub.interval.sec','300'),(3,'dfs.namenode.list.cache.directives.num.responses','100'),(3,'dfs.namenode.list.cache.pools.num.responses','100'),(3,'dfs.namenode.list.encryption.zones.num.responses','100'),(3,'dfs.namenode.lock.detailed-metrics.enabled','false'),(3,'dfs.namenode.max.extra.edits.segments.retained','10000'),(3,'dfs.namenode.max.objects','0'),(3,'dfs.namenode.name.dir','file://${hadoop.tmp.dir}/dfs/name'),(3,'dfs.namenode.name.dir.restore','false'),(3,'dfs.namenode.num.checkpoints.retained','2'),(3,'dfs.namenode.num.extra.edits.retained','1000000'),(3,'dfs.namenode.path.based.cache.block.map.allocation.percent','0.25'),(3,'dfs.namenode.path.based.cache.refresh.interval.ms','30000'),(3,'dfs.namenode.path.based.cache.retry.interval.ms','30000'),(3,'dfs.namenode.quota.init-threads','4'),(3,'dfs.namenode.read-lock-reporting-threshold-ms','5000'),(3,'dfs.namenode.reject-unresolved-dn-topology-mapping','false'),(3,'dfs.namenode.replication.considerLoad','true'),(3,'dfs.namenode.replication.interval','3'),(3,'dfs.namenode.replication.min','1'),(3,'dfs.namenode.replication.work.multiplier.per.iteration','2'),(3,'dfs.namenode.resource.check.interval','5000'),(3,'dfs.namenode.resource.checked.volumes.minimum','1'),(3,'dfs.namenode.resource.du.reserved','104857600'),(3,'dfs.namenode.retrycache.expirytime.millis','600000'),(3,'dfs.namenode.retrycache.heap.percent','0.03f'),(3,'dfs.namenode.rpc-address.nameservice1.nn1','node545:8020'),(3,'dfs.namenode.rpc-address.nameservice1.nn2','node546:8020'),(3,'dfs.namenode.safemode.extension','30000'),(3,'dfs.namenode.safemode.min.datanodes','0'),(3,'dfs.namenode.safemode.threshold-pct','0.999f'),(3,'dfs.namenode.secondary.http-address','0.0.0.0:50090'),(3,'dfs.namenode.secondary.https-address','0.0.0.0:50091'),(3,'dfs.namenode.shared.edits.dir.nameservice1','qjournal://node545:8485;node546:8485;node547:8485/nameservice1'),(3,'dfs.namenode.stale.datanode.interval','30000'),(3,'dfs.namenode.startup.delay.block.deletion.sec','0'),(3,'dfs.namenode.support.allow.format','true'),(3,'dfs.namenode.top.enabled','true'),(3,'dfs.namenode.top.num.users','10'),(3,'dfs.namenode.top.window.num.buckets','10'),(3,'dfs.namenode.top.windows.minutes','1,5,25'),(3,'dfs.namenode.write-lock-reporting-threshold-ms','5000'),(3,'dfs.namenode.write.stale.datanode.ratio','0.5f'),(3,'dfs.namenode.xattrs.enabled','true'),(3,'dfs.nameservices','nameservice1'),(3,'dfs.permissions.enabled','true'),(3,'dfs.permissions.superusergroup','hbase'),(3,'dfs.reformat.disabled','false'),(3,'dfs.replication','3'),(3,'dfs.replication.max','512'),(3,'dfs.secondary.namenode.kerberos.internal.spnego.principal','${dfs.web.authentication.kerberos.principal}'),(3,'dfs.short.circuit.shared.memory.watcher.interrupt.check.ms','60000'),(3,'dfs.storage.policy.enabled','true'),(3,'dfs.stream-buffer-size','4096'),(3,'dfs.support.append','true'),(3,'dfs.user.home.dir.prefix','/user'),(3,'dfs.web.authentication.kerberos.keytab','/etc/hdfs1/conf/hdfs.keytab'),(3,'dfs.web.authentication.kerberos.principal','HTTP/_HOST@TDH'),(3,'dfs.webhdfs.enabled','true'),(3,'dfs.webhdfs.user.provider.user.pattern','^[A-Za-z_][A-Za-z0-9._-]*[$]?$'),(3,'discovery.zen.minimum_master_nodes','1'),(3,'discovery.zen.ping.unicast.hosts','node545:9300,node546:9300,node547:9300'),(3,'file.blocksize','67108864'),(3,'file.bytes-per-checksum','512'),(3,'file.client-write-packet-size','65536'),(3,'file.replication','1'),(3,'file.stream-buffer-size','4096'),(3,'fs.AbstractFileSystem.file.impl','org.apache.hadoop.fs.local.LocalFs'),(3,'fs.AbstractFileSystem.ftp.impl','org.apache.hadoop.fs.ftp.FtpFs'),(3,'fs.AbstractFileSystem.har.impl','org.apache.hadoop.fs.HarFs'),(3,'fs.AbstractFileSystem.hdfs.impl','org.apache.hadoop.fs.Hdfs'),(3,'fs.AbstractFileSystem.viewfs.impl','org.apache.hadoop.fs.viewfs.ViewFs'),(3,'fs.automatic.close','true'),(3,'fs.client.resolve.remote.symlinks','true'),(3,'fs.defaultFS','hdfs://nameservice1'),(3,'fs.df.interval','60000'),(3,'fs.du.interval','600000'),(3,'fs.ftp.host','0.0.0.0'),(3,'fs.ftp.host.port','21'),(3,'fs.har.impl.disable.cache','true'),(3,'fs.permissions.umask-mode','022'),(3,'fs.s3.block.size','67108864'),(3,'fs.s3.buffer.dir','${hadoop.tmp.dir}/s3'),(3,'fs.s3.maxRetries','4'),(3,'fs.s3.sleepTimeSeconds','10'),(3,'fs.s3a.attempts.maximum','10'),(3,'fs.s3a.buffer.dir','${hadoop.tmp.dir}/s3a'),(3,'fs.s3a.connection.establish.timeout','5000'),(3,'fs.s3a.connection.maximum','15'),(3,'fs.s3a.connection.ssl.enabled','true'),(3,'fs.s3a.connection.timeout','50000'),(3,'fs.s3a.fast.buffer.size','1048576'),(3,'fs.s3a.fast.upload','false'),(3,'fs.s3a.impl','org.apache.hadoop.fs.s3a.S3AFileSystem'),(3,'fs.s3a.max.total.tasks','1000'),(3,'fs.s3a.multipart.purge','false'),(3,'fs.s3a.multipart.purge.age','86400'),(3,'fs.s3a.multipart.size','104857600'),(3,'fs.s3a.multipart.threshold','2147483647'),(3,'fs.s3a.paging.maximum','5000'),(3,'fs.s3a.threads.core','15'),(3,'fs.s3a.threads.keepalivetime','60'),(3,'fs.s3a.threads.max','256'),(3,'fs.s3n.block.size','67108864'),(3,'fs.s3n.multipart.copy.block.size','5368709120'),(3,'fs.s3n.multipart.uploads.block.size','67108864'),(3,'fs.s3n.multipart.uploads.enabled','false'),(3,'fs.swift.impl','org.apache.hadoop.fs.swift.snative.SwiftNativeFileSystem'),(3,'fs.trash.checkpoint.interval','0'),(3,'fs.trash.interval','1440'),(3,'ftp.blocksize','67108864'),(3,'ftp.bytes-per-checksum','512'),(3,'ftp.client-write-packet-size','65536'),(3,'ftp.replication','3'),(3,'ftp.stream-buffer-size','4096'),(3,'ha.failover-controller.cli-check.rpc-timeout.ms','20000'),(3,'ha.failover-controller.graceful-fence.connection.retries','1'),(3,'ha.failover-controller.graceful-fence.rpc-timeout.ms','5000'),(3,'ha.failover-controller.new-active.rpc-timeout.ms','60000'),(3,'ha.health-monitor.check-interval.ms','1000'),(3,'ha.health-monitor.connect-retry-interval.ms','1000'),(3,'ha.health-monitor.rpc-timeout.ms','45000'),(3,'ha.health-monitor.sleep-after-disconnect.ms','1000'),(3,'ha.zookeeper.acl','world:anyone:rwcda'),(3,'ha.zookeeper.parent-znode','/hdfs1-ha'),(3,'ha.zookeeper.quorum','node545:2181,node546:2181,node547:2181'),(3,'ha.zookeeper.session-timeout.ms','5000'),(3,'hadoop.common.configuration.version','0.23.0'),(3,'hadoop.fuse.connection.timeout','300'),(3,'hadoop.fuse.timer.period','5'),(3,'hadoop.hdfs.configuration.version','1'),(3,'hadoop.http.authentication.kerberos.keytab','/etc/hdfs1/conf/hdfs.keytab'),(3,'hadoop.http.authentication.kerberos.principal','HTTP/node547@TDH'),(3,'hadoop.http.authentication.signature.secret.file','/etc/hadoop-http-auth-signature-secret'),(3,'hadoop.http.authentication.simple.anonymous.allowed','true'),(3,'hadoop.http.authentication.token.validity','36000'),(3,'hadoop.http.authentication.type','simple'),(3,'hadoop.http.cross-origin.allowed-headers','X-Requested-With,Content-Type,Accept,Origin'),(3,'hadoop.http.cross-origin.allowed-methods','GET,POST,HEAD'),(3,'hadoop.http.cross-origin.allowed-origins','*'),(3,'hadoop.http.cross-origin.enabled','false'),(3,'hadoop.http.cross-origin.max-age','1800'),(3,'hadoop.http.filter.initializers','org.apache.hadoop.security.AuthenticationFilterInitializer'),(3,'hadoop.http.staticuser.user','dr.who'),(3,'hadoop.jetty.logs.serve.aliases','true'),(3,'hadoop.kerberos.kinit.command','kinit'),(3,'hadoop.policy.file','hbase-policy.xml'),(3,'hadoop.proxyuser.guardian.groups','*'),(3,'hadoop.proxyuser.guardian.hosts','*'),(3,'hadoop.proxyuser.hbase.groups','*'),(3,'hadoop.proxyuser.hbase.hosts','*'),(3,'hadoop.proxyuser.hdfs.groups','*'),(3,'hadoop.proxyuser.hdfs.hosts','*'),(3,'hadoop.proxyuser.hive.groups','*'),(3,'hadoop.proxyuser.hive.hosts','*'),(3,'hadoop.proxyuser.httpfs.groups','*'),(3,'hadoop.proxyuser.httpfs.hosts','*'),(3,'hadoop.proxyuser.hue.groups','*'),(3,'hadoop.proxyuser.hue.hosts','*'),(3,'hadoop.proxyuser.oozie.groups','*'),(3,'hadoop.proxyuser.oozie.hosts','*'),(3,'hadoop.proxyuser.root.groups','*'),(3,'hadoop.proxyuser.root.hosts','*'),(3,'hadoop.registry.jaas.context','Client'),(3,'hadoop.registry.rm.enabled','false'),(3,'hadoop.registry.secure','false'),(3,'hadoop.registry.system.acls','sasl:yarn@, sasl:mapred@, sasl:hdfs@'),(3,'hadoop.registry.zk.connection.timeout.ms','15000'),(3,'hadoop.registry.zk.quorum','localhost:2181'),(3,'hadoop.registry.zk.retry.ceiling.ms','60000'),(3,'hadoop.registry.zk.retry.interval.ms','1000'),(3,'hadoop.registry.zk.retry.times','5'),(3,'hadoop.registry.zk.root','/registry'),(3,'hadoop.registry.zk.session.timeout.ms','60000'),(3,'hadoop.rpc.protection','authentication'),(3,'hadoop.rpc.socket.factory.class.default','org.apache.hadoop.net.StandardSocketFactory'),(3,'hadoop.security.authentication','kerberos'),(3,'hadoop.security.authorization','true'),(3,'hadoop.security.crypto.buffer.size','8192'),(3,'hadoop.security.crypto.cipher.suite','AES/CTR/NoPadding'),(3,'hadoop.security.crypto.codec.classes.aes.ctr.nopadding','org.apache.hadoop.crypto.OpensslAesCtrCryptoCodec,org.apache.hadoop.crypto.JceAesCtrCryptoCodec'),(3,'hadoop.security.group.mapping','org.apache.hadoop.security.LdapGroupsMapping'),(3,'hadoop.security.group.mapping.ldap.base','dc=tdh'),(3,'hadoop.security.group.mapping.ldap.bind.password.file','/etc/hdfs1/conf/ldap-conn-pass.txt'),(3,'hadoop.security.group.mapping.ldap.bind.user','uid=admin,ou=system'),(3,'hadoop.security.group.mapping.ldap.directory.search.timeout','10000'),(3,'hadoop.security.group.mapping.ldap.search.attr.group.name','cn'),(3,'hadoop.security.group.mapping.ldap.search.attr.member','member'),(3,'hadoop.security.group.mapping.ldap.search.filter.group','(objectClass=configGroup)'),(3,'hadoop.security.group.mapping.ldap.search.filter.user','(&(objectClass=inetOrgPerson)(uid={0}))'),(3,'hadoop.security.group.mapping.ldap.ssl','false'),(3,'hadoop.security.group.mapping.ldap.url','ldap://node545:10389 ldap://node546:10389'),(3,'hadoop.security.groups.cache.secs','300'),(3,'hadoop.security.groups.cache.warn.after.ms','5000'),(3,'hadoop.security.groups.negative-cache.secs','30'),(3,'hadoop.security.instrumentation.requires.admin','false'),(3,'hadoop.security.java.secure.random.algorithm','SHA1PRNG'),(3,'hadoop.security.kms.client.authentication.retry-count','1'),(3,'hadoop.security.kms.client.encrypted.key.cache.expiry','43200000'),(3,'hadoop.security.kms.client.encrypted.key.cache.low-watermark','0.3f'),(3,'hadoop.security.kms.client.encrypted.key.cache.num.refill.threads','2'),(3,'hadoop.security.kms.client.encrypted.key.cache.size','500'),(3,'hadoop.security.random.device.file.path','/dev/urandom'),(3,'hadoop.security.sensitive-config-keys','password$,fs.s3.*[Ss]ecret.?[Kk]ey,fs.azure.account.key.*,dfs.webhdfs.oauth2.[a-z]+.token,hadoop.security.sensitive-config-keys'),(3,'hadoop.security.uid.cache.secs','14400'),(3,'hadoop.ssl.client.conf','ssl-client.xml'),(3,'hadoop.ssl.enabled','false'),(3,'hadoop.ssl.enabled.protocols','TLSv1'),(3,'hadoop.ssl.hostname.verifier','DEFAULT'),(3,'hadoop.ssl.keystores.factory.class','org.apache.hadoop.security.ssl.FileBasedKeyStoresFactory'),(3,'hadoop.ssl.require.client.cert','false'),(3,'hadoop.ssl.server.conf','ssl-server.xml'),(3,'hadoop.tmp.dir','/tmp/hadoop-${user.name}'),(3,'hadoop.user.group.static.mapping.overrides','dr.who=;'),(3,'hadoop.util.hash.type','murmur'),(3,'hadoop.work.around.non.threadsafe.getpwuid','false'),(3,'hbase.abort.disconected.batchmutate','true'),(3,'hbase.assignment.timeout.management','true'),(3,'hbase.auth.key.update.interval','864000000000'),(3,'hbase.auth.token.max.lifetime','6048000000000'),(3,'hbase.balancer.period','300000'),(3,'hbase.bucketcache.combinedcache.enabled','true'),(3,'hbase.bulkload.retries.number','10'),(3,'hbase.bulkload.staging.dir','${hbase.fs.tmp.dir}'),(3,'hbase.cells.scanned.per.heartbeat.check','10000'),(3,'hbase.client.keyvalue.maxsize','10485760'),(3,'hbase.client.localityCheck.threadPoolSize','2'),(3,'hbase.client.max.perregion.tasks','1'),(3,'hbase.client.max.perserver.tasks','5'),(3,'hbase.client.max.total.tasks','100'),(3,'hbase.client.meta.operation.timeout','60000'),(3,'hbase.client.operation.timeout','60000'),(3,'hbase.client.pause','100'),(3,'hbase.client.retries.number','35'),(3,'hbase.client.scanner.caching','200'),(3,'hbase.client.scanner.max.result.size','2097152'),(3,'hbase.client.scanner.timeout.period','60000'),(3,'hbase.client.write.buffer','4194304'),(3,'hbase.cluster.distributed','true'),(3,'hbase.column.max.version','1'),(3,'hbase.config.read.zookeeper.config','false'),(3,'hbase.coordinated.state.manager.class','org.apache.hadoop.hbase.coordination.ZkCoordinatedStateManager'),(3,'hbase.coprocessor.abortonerror','true'),(3,'hbase.coprocessor.enabled','true'),(3,'hbase.coprocessor.master.classes',',org.apache.hadoop.hbase.security.access.GuardianAccessController'),(3,'hbase.coprocessor.region.classes','org.apache.hadoop.hyperbase.secondaryindex.coprocessor.Indexer,org.apache.hadoop.hyperbase.fulltextindex.coprocessor.EsRegionCoprocessor,org.apache.hadoop.hbase.security.token.TokenProvider,org.apache.hadoop.hbase.security.access.GuardianAccessController,org.apache.hadoop.hbase.security.access.SecureBulkLoadEndpoint'),(3,'hbase.coprocessor.user.enabled','true'),(3,'hbase.data.umask','000'),(3,'hbase.data.umask.enable','false'),(3,'hbase.defaults.for.version','1.3.1-transwarp-6.0.2'),(3,'hbase.defaults.for.version.skip','true'),(3,'hbase.dfs.client.read.shortcircuit.buffer.size','131072'),(3,'hbase.dynamic.jars.dir','${hbase.rootdir}/lib'),(3,'hbase.fs.tmp.dir','/user/${user.name}/hbase-staging'),(3,'hbase.hregion.majorcompaction','604800000'),(3,'hbase.hregion.majorcompaction.cron','0 0 1 * * ?'),(3,'hbase.hregion.majorcompaction.jitter','0.50'),(3,'hbase.hregion.max.filesize','3758096384'),(3,'hbase.hregion.memstore.block.multiplier','4'),(3,'hbase.hregion.memstore.chunkpool.maxsize','0.3'),(3,'hbase.hregion.memstore.flush.size','67108864'),(3,'hbase.hregion.memstore.mslab.enabled','true'),(3,'hbase.hregion.percolumnfamilyflush.size.lower.bound','16777216'),(3,'hbase.hregion.preclose.flush.size','1310720'),(3,'hbase.hstore.blockingStoreFiles','30'),(3,'hbase.hstore.blockingWaitTime','5000'),(3,'hbase.hstore.bytes.per.checksum','16384'),(3,'hbase.hstore.checksum.algorithm','CRC32C'),(3,'hbase.hstore.compaction.kv.max','100'),(3,'hbase.hstore.compaction.max','25'),(3,'hbase.hstore.compaction.max.size','2147483648'),(3,'hbase.hstore.compaction.min','50'),(3,'hbase.hstore.compaction.ratio','1.2'),(3,'hbase.hstore.compactionThreshold','3'),(3,'hbase.hstore.defaultengine.compactionpolicy.class','org.apache.hadoop.hbase.regionserver.compactions.RatioBasedCompactionPolicy'),(3,'hbase.hstore.flusher.count','20'),(3,'hbase.hstore.time.to.purge.deletes','0'),(3,'hbase.http.filter.initializers','org.apache.hadoop.hbase.http.lib.StaticUserWebFilter'),(3,'hbase.http.max.threads','10'),(3,'hbase.http.staticuser.user','dr.stack'),(3,'hbase.ipc.client.fallback-to-simple-auth-allowed','false'),(3,'hbase.ipc.client.tcpnodelay','true'),(3,'hbase.ipc.server.callqueue.handler.factor','0.1'),(3,'hbase.ipc.server.callqueue.read.ratio','0'),(3,'hbase.ipc.server.callqueue.scan.ratio','0'),(3,'hbase.ipc.server.fallback-to-simple-auth-allowed','false'),(3,'hbase.lease.recovery.dfs.timeout','64000'),(3,'hbase.lease.recovery.timeout','900000'),(3,'hbase.lightweight.snapshotmanager.enable','true'),(3,'hbase.local.dir','${hbase.tmp.dir}/local/'),(3,'hbase.master.assignment.timeoutmonitor.period','600000'),(3,'hbase.master.balancer.regionLocationCacheTime','300'),(3,'hbase.master.balancer.stochastic.maxRunningTime','300000'),(3,'hbase.master.catalog.timeout','600000'),(3,'hbase.master.distributed.log.replay','true'),(3,'hbase.master.executor.closeregion.threads','40'),(3,'hbase.master.executor.openregion.threads','40'),(3,'hbase.master.hfilecleaner.plugins','org.apache.hadoop.hbase.master.cleaner.TimeToLiveHFileCleaner'),(3,'hbase.master.info.bindAddress','0.0.0.0'),(3,'hbase.master.info.port','60010'),(3,'hbase.master.infoserver.redirect','true'),(3,'hbase.master.ipc.address','0.0.0.0'),(3,'hbase.master.kerberos.principal','hbase/_HOST@TDH'),(3,'hbase.master.keytab.file','/etc/hyperbase1/conf/hyperbase.keytab'),(3,'hbase.master.loadbalancer.class','org.apache.hadoop.hbase.master.balancer.StochasticLoadBalancer'),(3,'hbase.master.logcleaner.plugins','org.apache.hadoop.hbase.master.cleaner.TimeToLiveLogCleaner'),(3,'hbase.master.logcleaner.ttl','600000'),(3,'hbase.master.normalizer.class','org.apache.hadoop.hbase.master.normalizer.SimpleRegionNormalizer'),(3,'hbase.master.port','60000'),(3,'hbase.master.preload.tabledescriptors','true'),(3,'hbase.master.report.ip','false'),(3,'hbase.master.wait.on.regionservers.mintostart','1'),(3,'hbase.metrics.exposeOperationTimes','true'),(3,'hbase.metrics.showTableName','true'),(3,'hbase.normalizer.period','1800000'),(3,'hbase.online.schema.update.enable','true'),(3,'hbase.partition.ignore.unavailable.clusters','false'),(3,'hbase.region.replica.replication.enabled','false'),(3,'hbase.regions.slop','0'),(3,'hbase.regionserver.catalog.timeout','600000'),(3,'hbase.regionserver.checksum.verify','true'),(3,'hbase.regionserver.dns.interface','default'),(3,'hbase.regionserver.dns.nameserver','default'),(3,'hbase.regionserver.executor.closeregion.threads','40'),(3,'hbase.regionserver.executor.openregion.threads','40'),(3,'hbase.regionserver.fileSplitTimeout','300000'),(3,'hbase.regionserver.global.memstore.size','0.5'),(3,'hbase.regionserver.global.memstore.size.lower.limit','0.95'),(3,'hbase.regionserver.handler.abort.on.error.percent','0.5'),(3,'hbase.regionserver.handler.count','100'),(3,'hbase.regionserver.hlog.blocksize','268435456'),(3,'hbase.regionserver.hlog.reader.impl','org.apache.hadoop.hbase.regionserver.wal.ProtobufLogReader'),(3,'hbase.regionserver.hlog.writer.impl','org.apache.hadoop.hbase.regionserver.wal.ProtobufLogWriter'),(3,'hbase.regionserver.info.bindAddress','0.0.0.0'),(3,'hbase.regionserver.info.port','60030'),(3,'hbase.regionserver.info.port.auto','false'),(3,'hbase.regionserver.ipc.address','0.0.0.0'),(3,'hbase.regionserver.kerberos.principal','hbase/_HOST@TDH'),(3,'hbase.regionserver.keytab.file','/etc/hyperbase1/conf/hyperbase.keytab'),(3,'hbase.regionserver.lease.period','600000'),(3,'hbase.regionserver.logroll.errors.tolerated','2'),(3,'hbase.regionserver.logroll.period','3600000'),(3,'hbase.regionserver.majorcompaction.pagecache.drop','true'),(3,'hbase.regionserver.maxlogs','100'),(3,'hbase.regionserver.metahandler.count','200'),(3,'hbase.regionserver.minorcompaction.pagecache.drop','true'),(3,'hbase.regionserver.msginterval','3000'),(3,'hbase.regionserver.optionalcacheflushinterval','3600000'),(3,'hbase.regionserver.port','60020'),(3,'hbase.regionserver.region.split.policy','org.apache.hadoop.hbase.regionserver.IncreasingToUpperBoundRegionSplitPolicy'),(3,'hbase.regionserver.regionSplitLimit','1000'),(3,'hbase.regionserver.replication.handler.count','10'),(3,'hbase.regionserver.report.ip','false'),(3,'hbase.regionserver.storefile.refresh.period','0'),(3,'hbase.regionserver.thread.compaction.large','8'),(3,'hbase.regionserver.thread.compaction.small','20'),(3,'hbase.regionserver.thread.compaction.throttle','4294967296'),(3,'hbase.regionserver.thread.split','10'),(3,'hbase.regionserver.thrift.compact','false'),(3,'hbase.regionserver.thrift.framed','false'),(3,'hbase.regionserver.thrift.framed.max_frame_size_in_mb','2'),(3,'hbase.regionserver.thrift.port','19090'),(3,'hbase.replication.rpc.codec','org.apache.hadoop.hbase.codec.KeyValueCodecWithTags'),(3,'hbase.replication.source.maxthreads','10'),(3,'hbase.rest.authentication.kerberos.keytab','/etc/hyperbase1/conf/hyperbase.keytab'),(3,'hbase.rest.authentication.kerberos.principal','hbase/_HOST@TDH'),(3,'hbase.rest.filter.classes','org.apache.hadoop.hbase.rest.filter.GzipFilter'),(3,'hbase.rest.kerberos.principal','hbase/_HOST@TDH'),(3,'hbase.rest.keytab.file','/etc/hyperbase1/conf/hyperbase.keytab'),(3,'hbase.rest.port','8080'),(3,'hbase.rest.readonly','false'),(3,'hbase.rest.support.proxyuser','false'),(3,'hbase.rest.threads.max','100'),(3,'hbase.rest.threads.min','2'),(3,'hbase.rootdir','hdfs://nameservice1/hyperbase1'),(3,'hbase.rootdir.perms','711'),(3,'hbase.rpc.engine','org.apache.hadoop.hbase.ipc.SecureRpcEngine'),(3,'hbase.rpc.shortoperation.timeout','10000'),(3,'hbase.rpc.timeout','120000'),(3,'hbase.rs.cacheblocksonwrite','false'),(3,'hbase.security.authentication','kerberos'),(3,'hbase.security.authorization','true'),(3,'hbase.security.exec.permission.checks','false'),(3,'hbase.security.visibility.mutations.checkauths','false'),(3,'hbase.server.compactchecker.interval.multiplier','1000'),(3,'hbase.server.scanner.max.result.size','104857600'),(3,'hbase.server.thread.wakefrequency','10000'),(3,'hbase.server.versionfile.writeattempts','3'),(3,'hbase.service.id','hyperbase1'),(3,'hbase.snapshot.enabled','true'),(3,'hbase.snapshot.master.timeout.millis','300000'),(3,'hbase.snapshot.region.timeout','300000'),(3,'hbase.snapshot.restore.failsafe.name','hbase-failsafe-{snapshot.name}-{restore.timestamp}'),(3,'hbase.snapshot.restore.take.failsafe.snapshot','true'),(3,'hbase.sservice.handler.count','25'),(3,'hbase.sservice.hdfs.dir','hdfs://nameservice1/hyperbase1/hbase_timediff'),(3,'hbase.sservice.local.cacheinterval','600000'),(3,'hbase.sservice.local.mergeinterval','600000'),(3,'hbase.sservice.port','61000'),(3,'hbase.sservice.scan.pagesize','50'),(3,'hbase.sservice.scheduler.frequency','300000'),(3,'hbase.sservice.scheduler.poolsize','5'),(3,'hbase.sservice.search.poolsize','25'),(3,'hbase.sservice.table.localrate','0'),(3,'hbase.sservice.tolerable.timediff','60000'),(3,'hbase.status.listener.class','org.apache.hadoop.hbase.client.ClusterStatusListener$MulticastListener'),(3,'hbase.status.multicast.address.ip','226.1.1.3'),(3,'hbase.status.multicast.address.port','16100'),(3,'hbase.status.published','false'),(3,'hbase.status.publisher.class','org.apache.hadoop.hbase.master.ClusterStatusPublisher$MulticastPublisher'),(3,'hbase.storescanner.parallel.seek.enable','false'),(3,'hbase.storescanner.parallel.seek.threads','10'),(3,'hbase.table.lock.enable','true'),(3,'hbase.table.max.rowsize','1073741824'),(3,'hbase.thrift.htablepool.size.max','1000'),(3,'hbase.thrift.info.bindAddress','0.0.0.0'),(3,'hbase.thrift.info.port','19095'),(3,'hbase.thrift.kerberos.principal','hbase/_HOST@TDH'),(3,'hbase.thrift.keytab.file','/etc/hyperbase1/conf/hyperbase.keytab'),(3,'hbase.thrift.maxQueuedRequests','1000'),(3,'hbase.thrift.maxWorkerThreads','1000'),(3,'hbase.thrift.minWorkerThreads','16'),(3,'hbase.thrift.security.qop','auth-conf'),(3,'hbase.tmp.dir','${java.io.tmpdir}/hbase-${user.name}'),(3,'hbase.use.partition.table','false'),(3,'hbase.zookeeper.dns.interface','default'),(3,'hbase.zookeeper.dns.nameserver','default'),(3,'hbase.zookeeper.leaderport','3888'),(3,'hbase.zookeeper.peerport','2888'),(3,'hbase.zookeeper.property.clientPort','2181'),(3,'hbase.zookeeper.property.dataDir','${hbase.tmp.dir}/zookeeper'),(3,'hbase.zookeeper.property.initLimit','10'),(3,'hbase.zookeeper.property.maxClientCnxns','2000'),(3,'hbase.zookeeper.property.syncLimit','5'),(3,'hbase.zookeeper.quorum','node545,node546,node547'),(3,'hbase.zookeeper.useMulti','true'),(3,'hdfs.service.id','hdfs1'),(3,'hfile.block.bloom.cacheonwrite','false'),(3,'hfile.block.cache.size','0.1'),(3,'hfile.block.index.cacheonwrite','false'),(3,'hfile.format.version','3'),(3,'hfile.index.block.max.size','131072'),(3,'hregion.index.path','hdfs://nameservice1/hyperbase1_hregionindex'),(3,'io.compression.codec.bzip2.library','system-native'),(3,'io.file.buffer.size','4096'),(3,'io.map.index.interval','128'),(3,'io.map.index.skip','0'),(3,'io.mapfile.bloom.error.rate','0.005'),(3,'io.mapfile.bloom.size','1048576'),(3,'io.native.lib.available','true'),(3,'io.seqfile.compress.blocksize','1000000'),(3,'io.seqfile.lazydecompress','true'),(3,'io.seqfile.local.dir','${hadoop.tmp.dir}/io/local'),(3,'io.seqfile.sorter.recordlimit','1000000'),(3,'io.serializations','org.apache.hadoop.io.serializer.WritableSerialization,org.apache.hadoop.io.serializer.avro.AvroSpecificSerialization,org.apache.hadoop.io.serializer.avro.AvroReflectSerialization'),(3,'io.skip.checksum.errors','false'),(3,'io.storefile.bloom.block.size','131072'),(3,'ipc.client.connect.max.retries','10'),(3,'ipc.client.connect.max.retries.on.timeouts','45'),(3,'ipc.client.connect.retry.interval','1000'),(3,'ipc.client.connect.timeout','20000'),(3,'ipc.client.connection.maxidletime','10000'),(3,'ipc.client.fallback-to-simple-auth-allowed','false'),(3,'ipc.client.idlethreshold','4000'),(3,'ipc.client.kill.max','10'),(3,'ipc.maximum.data.length','67108864'),(3,'ipc.server.listen.queue.size','128'),(3,'ipc.server.log.slow.rpc','false'),(3,'ipc.server.max.connections','0'),(3,'license.zookeeper.quorum','node545:2291,node546:2291,node547:2291'),(3,'map.sort.class','org.apache.hadoop.util.QuickSort'),(3,'mapred.child.env','JAVA_HOME=/usr/java/jdk1.8.0_25'),(3,'mapred.child.java.opts','-agentpath:/usr/lib/hadoop/bin/libagent.so -Xmx2048m'),(3,'mapreduce.am.max-attempts','2'),(3,'mapreduce.app-submission.cross-platform','false'),(3,'mapreduce.client.completion.pollinterval','5000'),(3,'mapreduce.client.output.filter','FAILED'),(3,'mapreduce.client.progressmonitor.pollinterval','1000'),(3,'mapreduce.client.submit.file.replication','10'),(3,'mapreduce.cluster.acls.enabled','false'),(3,'mapreduce.cluster.local.dir','${hadoop.tmp.dir}/mapred/local'),(3,'mapreduce.cluster.temp.dir','${hadoop.tmp.dir}/mapred/temp'),(3,'mapreduce.fileoutputcommitter.algorithm.version','1'),(3,'mapreduce.framework.name','yarn'),(3,'mapreduce.ifile.readahead','true'),(3,'mapreduce.ifile.readahead.bytes','4194304'),(3,'mapreduce.input.fileinputformat.list-status.num-threads','1'),(3,'mapreduce.input.fileinputformat.split.minsize','0'),(3,'mapreduce.input.lineinputformat.linespermap','1'),(3,'mapreduce.job.acl-modify-job',' '),(3,'mapreduce.job.acl-view-job',' '),(3,'mapreduce.job.classloader','false'),(3,'mapreduce.job.committer.setup.cleanup.needed','true'),(3,'mapreduce.job.complete.cancel.delegation.tokens','true'),(3,'mapreduce.job.counters.max','120'),(3,'mapreduce.job.emit-timeline-data','false'),(3,'mapreduce.job.end-notification.max.attempts','5'),(3,'mapreduce.job.end-notification.max.retry.interval','5000'),(3,'mapreduce.job.end-notification.retry.attempts','0'),(3,'mapreduce.job.end-notification.retry.interval','1000'),(3,'mapreduce.job.finish-when-all-reducers-done','false'),(3,'mapreduce.job.hdfs-servers','${fs.defaultFS}'),(3,'mapreduce.job.jvm.numtasks','1'),(3,'mapreduce.job.map.output.collector.class','org.apache.hadoop.mapred.MapTask$MapOutputBuffer'),(3,'mapreduce.job.maps','1'),(3,'mapreduce.job.max.split.locations','500'),(3,'mapreduce.job.maxtaskfailures.per.tracker','3'),(3,'mapreduce.job.queuename','default'),(3,'mapreduce.job.reduce.shuffle.consumer.plugin.class','org.apache.hadoop.mapreduce.task.reduce.Shuffle'),(3,'mapreduce.job.reduce.slowstart.completedmaps','1'),(3,'mapreduce.job.reducer.preempt.delay.sec','0'),(3,'mapreduce.job.reducer.unconditional-preempt.delay.sec','300'),(3,'mapreduce.job.reduces','1'),(3,'mapreduce.job.running.map.limit','0'),(3,'mapreduce.job.running.reduce.limit','0'),(3,'mapreduce.job.speculative.minimum-allowed-tasks','10'),(3,'mapreduce.job.speculative.retry-after-no-speculate','1000'),(3,'mapreduce.job.speculative.retry-after-speculate','15000'),(3,'mapreduce.job.speculative.slowtaskthreshold','1.0'),(3,'mapreduce.job.speculative.speculative-cap-running-tasks','0.1'),(3,'mapreduce.job.speculative.speculative-cap-total-tasks','0.01'),(3,'mapreduce.job.split.metainfo.maxsize','10000000'),(3,'mapreduce.job.token.tracking.ids.enabled','false'),(3,'mapreduce.job.ubertask.enable','false'),(3,'mapreduce.job.ubertask.maxmaps','9'),(3,'mapreduce.job.ubertask.maxreduces','1'),(3,'mapreduce.job.userlog.retain.hours','24'),(3,'mapreduce.jobhistory.address','node545:10020'),(3,'mapreduce.jobhistory.admin.acl','*'),(3,'mapreduce.jobhistory.admin.address','0.0.0.0:10033'),(3,'mapreduce.jobhistory.cleaner.enable','true'),(3,'mapreduce.jobhistory.cleaner.interval-ms','86400000'),(3,'mapreduce.jobhistory.client.thread-count','10'),(3,'mapreduce.jobhistory.datestring.cache.size','200000'),(3,'mapreduce.jobhistory.done-dir','${yarn.app.mapreduce.am.staging-dir}/history/done'),(3,'mapreduce.jobhistory.http.policy','HTTP_ONLY'),(3,'mapreduce.jobhistory.intermediate-done-dir','${yarn.app.mapreduce.am.staging-dir}/history/done_intermediate'),(3,'mapreduce.jobhistory.joblist.cache.size','20000'),(3,'mapreduce.jobhistory.keytab','/etc/yarn1/conf/yarn.keytab'),(3,'mapreduce.jobhistory.loadedjobs.cache.size','5'),(3,'mapreduce.jobhistory.max-age-ms','604800000'),(3,'mapreduce.jobhistory.minicluster.fixed.ports','false'),(3,'mapreduce.jobhistory.move.interval-ms','180000'),(3,'mapreduce.jobhistory.move.thread-count','3'),(3,'mapreduce.jobhistory.principal','mapred/_HOST@TDH'),(3,'mapreduce.jobhistory.recovery.enable','false'),(3,'mapreduce.jobhistory.recovery.store.class','org.apache.hadoop.mapreduce.v2.hs.HistoryServerFileSystemStateStoreService'),(3,'mapreduce.jobhistory.recovery.store.fs.uri','${hadoop.tmp.dir}/mapred/history/recoverystore'),(3,'mapreduce.jobhistory.recovery.store.leveldb.path','${hadoop.tmp.dir}/mapred/history/recoverystore'),(3,'mapreduce.jobhistory.webapp.address','node545:19888'),(3,'mapreduce.jobhistory.webapp.spnego-keytab-file','/etc/yarn1/conf/yarn.keytab'),(3,'mapreduce.jobhistory.webapp.spnego-principal','HTTP/_HOST@TDH'),(3,'mapreduce.jobtracker.address','local'),(3,'mapreduce.jobtracker.expire.trackers.interval','600000'),(3,'mapreduce.jobtracker.handler.count','10'),(3,'mapreduce.jobtracker.heartbeats.in.second','100'),(3,'mapreduce.jobtracker.http.address','0.0.0.0:50030'),(3,'mapreduce.jobtracker.instrumentation','org.apache.hadoop.mapred.JobTrackerMetricsInst'),(3,'mapreduce.jobtracker.jobhistory.block.size','3145728'),(3,'mapreduce.jobtracker.jobhistory.lru.cache.size','5'),(3,'mapreduce.jobtracker.jobhistory.task.numberprogresssplits','12'),(3,'mapreduce.jobtracker.maxtasks.perjob','-1'),(3,'mapreduce.jobtracker.persist.jobstatus.active','true'),(3,'mapreduce.jobtracker.persist.jobstatus.dir','/jobtracker/jobsInfo'),(3,'mapreduce.jobtracker.persist.jobstatus.hours','1'),(3,'mapreduce.jobtracker.restart.recover','false'),(3,'mapreduce.jobtracker.retiredjobs.cache.size','1000'),(3,'mapreduce.jobtracker.staging.root.dir','${hadoop.tmp.dir}/mapred/staging'),(3,'mapreduce.jobtracker.system.dir','${hadoop.tmp.dir}/mapred/system'),(3,'mapreduce.jobtracker.taskcache.levels','2'),(3,'mapreduce.jobtracker.taskscheduler','org.apache.hadoop.mapred.JobQueueTaskScheduler'),(3,'mapreduce.jobtracker.tasktracker.maxblacklists','4'),(3,'mapreduce.local.clientfactory.class.name','org.apache.hadoop.mapred.LocalClientFactory'),(3,'mapreduce.map.cpu.vcores','1'),(3,'mapreduce.map.log.level','INFO'),(3,'mapreduce.map.maxattempts','4'),(3,'mapreduce.map.memory.mb','1024'),(3,'mapreduce.map.output.compress','false'),(3,'mapreduce.map.output.compress.codec','org.apache.hadoop.io.compress.DefaultCodec'),(3,'mapreduce.map.skip.maxrecords','0'),(3,'mapreduce.map.skip.proc.count.autoincr','true'),(3,'mapreduce.map.sort.spill.percent','0.80'),(3,'mapreduce.map.speculative','true'),(3,'mapreduce.output.fileoutputformat.compress','false'),(3,'mapreduce.output.fileoutputformat.compress.codec','org.apache.hadoop.io.compress.DefaultCodec'),(3,'mapreduce.output.fileoutputformat.compress.type','RECORD'),(3,'mapreduce.reduce.cpu.vcores','1'),(3,'mapreduce.reduce.input.buffer.percent','0.0'),(3,'mapreduce.reduce.log.level','INFO'),(3,'mapreduce.reduce.markreset.buffer.percent','0.0'),(3,'mapreduce.reduce.maxattempts','4'),(3,'mapreduce.reduce.memory.mb','1024'),(3,'mapreduce.reduce.merge.inmem.threshold','1000'),(3,'mapreduce.reduce.shuffle.connect.timeout','180000'),(3,'mapreduce.reduce.shuffle.fetch.retry.enabled','${yarn.nodemanager.recovery.enabled}'),(3,'mapreduce.reduce.shuffle.fetch.retry.interval-ms','1000'),(3,'mapreduce.reduce.shuffle.fetch.retry.timeout-ms','30000'),(3,'mapreduce.reduce.shuffle.input.buffer.percent','0.70'),(3,'mapreduce.reduce.shuffle.memory.limit.percent','0.25'),(3,'mapreduce.reduce.shuffle.merge.percent','0.66'),(3,'mapreduce.reduce.shuffle.parallelcopies','5'),(3,'mapreduce.reduce.shuffle.read.timeout','180000'),(3,'mapreduce.reduce.shuffle.retry-delay.max.ms','60000'),(3,'mapreduce.reduce.skip.maxgroups','0'),(3,'mapreduce.reduce.skip.proc.count.autoincr','true'),(3,'mapreduce.reduce.speculative','false'),(3,'mapreduce.shuffle.connection-keep-alive.enable','false'),(3,'mapreduce.shuffle.connection-keep-alive.timeout','5'),(3,'mapreduce.shuffle.listen.queue.size','128'),(3,'mapreduce.shuffle.max.connections','0'),(3,'mapreduce.shuffle.max.threads','0'),(3,'mapreduce.shuffle.port','13562'),(3,'mapreduce.shuffle.ssl.enabled','false'),(3,'mapreduce.shuffle.ssl.file.buffer.size','65536'),(3,'mapreduce.shuffle.transfer.buffer.size','131072'),(3,'mapreduce.task.combine.progress.records','10000'),(3,'mapreduce.task.files.preserve.failedtasks','false'),(3,'mapreduce.task.io.sort.factor','10'),(3,'mapreduce.task.io.sort.mb','100'),(3,'mapreduce.task.merge.progress.records','10000'),(3,'mapreduce.task.profile','false'),(3,'mapreduce.task.profile.map.params','${mapreduce.task.profile.params}'),(3,'mapreduce.task.profile.maps','0-2'),(3,'mapreduce.task.profile.params','-agentlib:hprof=cpu=samples,heap=sites,force=n,thread=y,verbose=n,file=%s'),(3,'mapreduce.task.profile.reduce.params','${mapreduce.task.profile.params}'),(3,'mapreduce.task.profile.reduces','0-2'),(3,'mapreduce.task.skip.start.attempts','2'),(3,'mapreduce.task.timeout','600000'),(3,'mapreduce.task.userlog.limit.kb','0'),(3,'mapreduce.tasktracker.dns.interface','default'),(3,'mapreduce.tasktracker.dns.nameserver','default'),(3,'mapreduce.tasktracker.healthchecker.interval','60000'),(3,'mapreduce.tasktracker.healthchecker.script.timeout','600000'),(3,'mapreduce.tasktracker.http.address','0.0.0.0:50060'),(3,'mapreduce.tasktracker.http.threads','40'),(3,'mapreduce.tasktracker.indexcache.mb','10'),(3,'mapreduce.tasktracker.instrumentation','org.apache.hadoop.mapred.TaskTrackerMetricsInst'),(3,'mapreduce.tasktracker.local.dir.minspacekill','0'),(3,'mapreduce.tasktracker.local.dir.minspacestart','0'),(3,'mapreduce.tasktracker.map.tasks.maximum','2'),(3,'mapreduce.tasktracker.outofband.heartbeat','false'),(3,'mapreduce.tasktracker.reduce.tasks.maximum','2'),(3,'mapreduce.tasktracker.report.address','127.0.0.1:0'),(3,'mapreduce.tasktracker.taskcontroller','org.apache.hadoop.mapred.DefaultTaskController'),(3,'mapreduce.tasktracker.taskmemorymanager.monitoringinterval','5000'),(3,'mapreduce.tasktracker.tasks.sleeptimebeforesigkill','5000'),(3,'net.topology.impl','org.apache.hadoop.net.NetworkTopology'),(3,'net.topology.node.switch.mapping.impl','org.apache.hadoop.net.ScriptBasedMapping'),(3,'net.topology.script.file.name','/usr/lib/transwarp/scripts/rack_map.sh'),(3,'net.topology.script.number.args','100'),(3,'nfs.allow.insecure.ports','true'),(3,'nfs.dump.dir','/tmp/.hdfs-nfs'),(3,'nfs.exports.allowed.hosts','* rw'),(3,'nfs.mountd.port','4242'),(3,'nfs.rtmax','1048576'),(3,'nfs.server.port','2049'),(3,'nfs.wtmax','1048576'),(3,'raid.distraid.max.files','300'),(3,'raid.distraid.max.jobs','10'),(3,'raidnode.files.fix.per.job','500'),(3,'rpc.metrics.quantile.enable','false'),(3,'s3.blocksize','67108864'),(3,'s3.bytes-per-checksum','512'),(3,'s3.client-write-packet-size','65536'),(3,'s3.replication','3'),(3,'s3.stream-buffer-size','4096'),(3,'s3native.blocksize','67108864'),(3,'s3native.bytes-per-checksum','512'),(3,'s3native.client-write-packet-size','65536'),(3,'s3native.replication','3'),(3,'s3native.stream-buffer-size','4096'),(3,'service.registrant','hbase'),(3,'service.startup.user','hbase'),(3,'tfile.fs.input.buffer.size','262144'),(3,'tfile.fs.output.buffer.size','262144'),(3,'tfile.io.chunk.size','1048576'),(3,'transwarp.docker.enable','true'),(3,'transwarp.docker.network.hypervisor-subnetmask','255.255.255.255'),(3,'transwarp.docker.network.interfaces','eth0'),(3,'transwarp.docker.network.policy','io.transwarp.docker.DockerNetworkPolicyHostGW'),(3,'yarn.acl.enable','false'),(3,'yarn.admin.acl','*'),(3,'yarn.am.liveness-monitor.expiry-interval-ms','600000'),(3,'yarn.app.mapreduce.am.command-opts','-agentpath:/usr/lib/hadoop/bin/libagent.so -Xmx2048m'),(3,'yarn.app.mapreduce.am.container.log.backups','0'),(3,'yarn.app.mapreduce.am.container.log.limit.kb','0'),(3,'yarn.app.mapreduce.am.containerlauncher.threadpool-initial-size','10'),(3,'yarn.app.mapreduce.am.env','JAVA_HOME=/usr/java/jdk1.8.0_25'),(3,'yarn.app.mapreduce.am.hard-kill-timeout-ms','10000'),(3,'yarn.app.mapreduce.am.job.committer.cancel-timeout','60000'),(3,'yarn.app.mapreduce.am.job.committer.commit-window','10000'),(3,'yarn.app.mapreduce.am.job.task.listener.thread-count','30'),(3,'yarn.app.mapreduce.am.resource.cpu-vcores','1'),(3,'yarn.app.mapreduce.am.resource.mb','1536'),(3,'yarn.app.mapreduce.am.scheduler.heartbeat.interval-ms','1000'),(3,'yarn.app.mapreduce.am.staging-dir','/yarn1/user'),(3,'yarn.app.mapreduce.client-am.ipc.max-retries','3'),(3,'yarn.app.mapreduce.client-am.ipc.max-retries-on-timeouts','3'),(3,'yarn.app.mapreduce.client.job.max-retries','0'),(3,'yarn.app.mapreduce.client.job.retry-interval','2000'),(3,'yarn.app.mapreduce.client.max-retries','3'),(3,'yarn.app.mapreduce.shuffle.log.backups','0'),(3,'yarn.app.mapreduce.shuffle.log.limit.kb','0'),(3,'yarn.app.mapreduce.shuffle.log.separate','true'),(3,'yarn.app.mapreduce.task.container.log.backups','0'),(3,'yarn.application.classpath','/etc/yarn1/conf,/usr/lib/hadoop/*,/usr/lib/hadoop/lib/*,/usr/lib/hadoop-hdfs/*,/usr/lib/hadoop-hdfs/lib/*,/usr/lib/hadoop-yarn/*,/usr/lib/hadoop-yarn/lib/*,/usr/lib/hadoop-mapreduce/*,/usr/lib/hadoop-mapreduce/lib/*'),(3,'yarn.authorization-provider','io.transwarp.guardian.plugins.yarn.GuardianYarnAuthorizer'),(3,'yarn.client.application-client-protocol.poll-interval-ms','200'),(3,'yarn.client.failover-proxy-provider','org.apache.hadoop.yarn.client.ConfiguredRMFailoverProxyProvider'),(3,'yarn.client.failover-retries','0'),(3,'yarn.client.failover-retries-on-socket-timeouts','0'),(3,'yarn.client.max-cached-nodemanagers-proxies','0'),(3,'yarn.client.nodemanager-client-async.thread-pool-max-size','500'),(3,'yarn.client.nodemanager-connect.max-wait-ms','180000'),(3,'yarn.client.nodemanager-connect.retry-interval-ms','10000'),(3,'yarn.dispatcher.drain-events.timeout','300000'),(3,'yarn.fail-fast','false'),(3,'yarn.http.policy','HTTP_ONLY'),(3,'yarn.ipc.rpc.class','org.apache.hadoop.yarn.ipc.HadoopYarnProtoRPC'),(3,'yarn.log-aggregation-enable','false'),(3,'yarn.log-aggregation.retain-check-interval-seconds','-1'),(3,'yarn.log-aggregation.retain-seconds','-1'),(3,'yarn.log.server.url','http://node545:19888/jobhistory/logs/'),(3,'yarn.nm.liveness-monitor.expiry-interval-ms','600000'),(3,'yarn.nodemanager.address','${yarn.nodemanager.hostname}:0'),(3,'yarn.nodemanager.admin-env','MALLOC_ARENA_MAX=$MALLOC_ARENA_MAX'),(3,'yarn.nodemanager.aux-services','mapreduce_shuffle'),(3,'yarn.nodemanager.aux-services.mapreduce_shuffle.class','org.apache.hadoop.mapred.ShuffleHandler'),(3,'yarn.nodemanager.container-executor.class','org.apache.hadoop.yarn.server.nodemanager.DefaultContainerExecutor'),(3,'yarn.nodemanager.container-manager.thread-count','20'),(3,'yarn.nodemanager.container-metrics.unregister-delay-ms','10000'),(3,'yarn.nodemanager.container-monitor.interval-ms','3000'),(3,'yarn.nodemanager.container-monitor.procfs-tree.smaps-based-rss.enabled','false'),(3,'yarn.nodemanager.delete.debug-delay-sec','86400'),(3,'yarn.nodemanager.delete.thread-count','4'),(3,'yarn.nodemanager.disk-health-checker.interval-ms','120000'),(3,'yarn.nodemanager.disk-health-checker.max-disk-utilization-per-disk-percentage','90.0'),(3,'yarn.nodemanager.disk-health-checker.min-free-space-per-disk-mb','0'),(3,'yarn.nodemanager.disk-health-checker.min-healthy-disks','0.25'),(3,'yarn.nodemanager.docker-container-executor.exec-name','/usr/bin/docker'),(3,'yarn.nodemanager.env-whitelist','JAVA_HOME,HADOOP_COMMON_HOME,HADOOP_HDFS_HOME,HADOOP_CONF_DIR,HADOOP_YARN_HOME'),(3,'yarn.nodemanager.health-checker.interval-ms','600000'),(3,'yarn.nodemanager.health-checker.script.timeout-ms','1200000'),(3,'yarn.nodemanager.hostname','0.0.0.0'),(3,'yarn.nodemanager.keytab','/etc/yarn1/conf/yarn.keytab'),(3,'yarn.nodemanager.linux-container-executor.cgroups.hierarchy','/hadoop-yarn'),(3,'yarn.nodemanager.linux-container-executor.cgroups.mount','false'),(3,'yarn.nodemanager.linux-container-executor.cgroups.strict-resource-usage','false'),(3,'yarn.nodemanager.linux-container-executor.group','yarn'),(3,'yarn.nodemanager.linux-container-executor.nonsecure-mode.limit-users','true'),(3,'yarn.nodemanager.linux-container-executor.nonsecure-mode.local-user','nobody'),(3,'yarn.nodemanager.linux-container-executor.nonsecure-mode.user-pattern','^[_.A-Za-z0-9][-@_.A-Za-z0-9]{0,255}?[$]?$'),(3,'yarn.nodemanager.linux-container-executor.resources-handler.class','org.apache.hadoop.yarn.server.nodemanager.util.DefaultLCEResourcesHandler'),(3,'yarn.nodemanager.local-cache.max-files-per-directory','8192'),(3,'yarn.nodemanager.local-dirs','/vdir/mnt/disk1/hadoop/yarn/local'),(3,'yarn.nodemanager.localizer.address','${yarn.nodemanager.hostname}:8040'),(3,'yarn.nodemanager.localizer.cache.cleanup.interval-ms','600000'),(3,'yarn.nodemanager.localizer.cache.target-size-mb','10240'),(3,'yarn.nodemanager.localizer.client.thread-count','5'),(3,'yarn.nodemanager.localizer.fetch.thread-count','4'),(3,'yarn.nodemanager.log-aggregation.compression-type','none'),(3,'yarn.nodemanager.log-aggregation.roll-monitoring-interval-seconds','-1'),(3,'yarn.nodemanager.log-dirs','/vdir/mnt/disk1/hadoop/yarn/logs'),(3,'yarn.nodemanager.log.retain-seconds','10800'),(3,'yarn.nodemanager.pmem-check-enabled','false'),(3,'yarn.nodemanager.principal','yarn/_HOST@TDH'),(3,'yarn.nodemanager.process-kill-wait.ms','2000'),(3,'yarn.nodemanager.recovery.compaction-interval-secs','3600'),(3,'yarn.nodemanager.recovery.dir','${hadoop.tmp.dir}/yarn-nm-recovery'),(3,'yarn.nodemanager.recovery.enabled','false'),(3,'yarn.nodemanager.remote-app-log-dir','/yarn1/var/log/hadoop-yarn/apps'),(3,'yarn.nodemanager.remote-app-log-dir-suffix','logs'),(3,'yarn.nodemanager.resource.cpu-vcores','3'),(3,'yarn.nodemanager.resource.memory-mb','  4096'),(3,'yarn.nodemanager.resource.percentage-physical-cpu-limit','100'),(3,'yarn.nodemanager.resourcemanager.minimum.version','NONE'),(3,'yarn.nodemanager.sleep-delay-before-sigkill.ms','250'),(3,'yarn.nodemanager.vmem-check-enabled','false'),(3,'yarn.nodemanager.vmem-pmem-ratio','2.1'),(3,'yarn.nodemanager.webapp.address','${yarn.nodemanager.hostname}:8042'),(3,'yarn.nodemanager.webapp.cross-origin.enabled','false'),(3,'yarn.nodemanager.windows-container.cpu-limit.enabled','false'),(3,'yarn.nodemanager.windows-container.memory-limit.enabled','false'),(3,'yarn.resourcemanager.address','${yarn.resourcemanager.hostname}:8032'),(3,'yarn.resourcemanager.address.rm1','node545:8032'),(3,'yarn.resourcemanager.address.rm2','node546:8032'),(3,'yarn.resourcemanager.admin.address','${yarn.resourcemanager.hostname}:8033'),(3,'yarn.resourcemanager.admin.address.rm1','node545:8033'),(3,'yarn.resourcemanager.admin.address.rm2','node546:8033'),(3,'yarn.resourcemanager.admin.client.thread-count','1'),(3,'yarn.resourcemanager.am-rm-tokens.master-key-rolling-interval-secs','86400'),(3,'yarn.resourcemanager.am.max-attempts','2'),(3,'yarn.resourcemanager.amlauncher.thread-count','50'),(3,'yarn.resourcemanager.client.thread-count','50'),(3,'yarn.resourcemanager.cluster-id','yarn1-cluster'),(3,'yarn.resourcemanager.configuration.provider-class','io.transwarp.guardian.plugins.yarn.GuardianYarnConfigurationProvider'),(3,'yarn.resourcemanager.connect.max-wait.ms','900000'),(3,'yarn.resourcemanager.connect.retry-interval.ms','30000'),(3,'yarn.resourcemanager.container-tokens.master-key-rolling-interval-secs','86400'),(3,'yarn.resourcemanager.container.liveness-monitor.interval-ms','600000'),(3,'yarn.resourcemanager.delayed.delegation-token.removal-interval-ms','30000'),(3,'yarn.resourcemanager.fail-fast','${yarn.fail-fast}'),(3,'yarn.resourcemanager.fs.state-store.num-retries','0'),(3,'yarn.resourcemanager.fs.state-store.retry-interval-ms','1000'),(3,'yarn.resourcemanager.fs.state-store.retry-policy-spec','2000, 500'),(3,'yarn.resourcemanager.fs.state-store.uri','${hadoop.tmp.dir}/yarn/system/rmstore'),(3,'yarn.resourcemanager.ha.automatic-failover.embedded','true'),(3,'yarn.resourcemanager.ha.automatic-failover.enabled','true'),(3,'yarn.resourcemanager.ha.automatic-failover.zk-base-path','/yarn-leader-election'),(3,'yarn.resourcemanager.ha.enabled','true'),(3,'yarn.resourcemanager.ha.rm-ids','rm1,rm2'),(3,'yarn.resourcemanager.hostname','0.0.0.0'),(3,'yarn.resourcemanager.keytab','/etc/yarn1/conf/yarn.keytab'),(3,'yarn.resourcemanager.leveldb-state-store.compaction-interval-secs','3600'),(3,'yarn.resourcemanager.leveldb-state-store.path','${hadoop.tmp.dir}/yarn/system/rmstore'),(3,'yarn.resourcemanager.max-completed-applications','10000'),(3,'yarn.resourcemanager.nodemanager-connect-retries','10'),(3,'yarn.resourcemanager.nodemanager.minimum.version','NONE'),(3,'yarn.resourcemanager.nodemanagers.heartbeat-interval-ms','1000'),(3,'yarn.resourcemanager.nodes.exclude-path','/etc/yarn1/conf/yarn.exclude'),(3,'yarn.resourcemanager.principal','yarn/_HOST@TDH'),(3,'yarn.resourcemanager.proxy-user-privileges.enabled','false'),(3,'yarn.resourcemanager.recovery.enabled','true'),(3,'yarn.resourcemanager.resource-tracker.address','${yarn.resourcemanager.hostname}:8031'),(3,'yarn.resourcemanager.resource-tracker.address.rm1','node545:8031'),(3,'yarn.resourcemanager.resource-tracker.address.rm2','node546:8031'),(3,'yarn.resourcemanager.resource-tracker.client.thread-count','50'),(3,'yarn.resourcemanager.scheduler.address','${yarn.resourcemanager.hostname}:8030'),(3,'yarn.resourcemanager.scheduler.address.rm1','node545:8030'),(3,'yarn.resourcemanager.scheduler.address.rm2','node546:8030'),(3,'yarn.resourcemanager.scheduler.class','org.apache.hadoop.yarn.server.resourcemanager.scheduler.capacity.CapacityScheduler'),(3,'yarn.resourcemanager.scheduler.client.thread-count','50'),(3,'yarn.resourcemanager.scheduler.monitor.enable','false'),(3,'yarn.resourcemanager.scheduler.monitor.policies','org.apache.hadoop.yarn.server.resourcemanager.monitor.capacity.ProportionalCapacityPreemptionPolicy'),(3,'yarn.resourcemanager.state-store.max-completed-applications','${yarn.resourcemanager.max-completed-applications}'),(3,'yarn.resourcemanager.store.class','org.apache.hadoop.yarn.server.resourcemanager.recovery.ZKRMStateStore'),(3,'yarn.resourcemanager.system-metrics-publisher.dispatcher.pool-size','10'),(3,'yarn.resourcemanager.system-metrics-publisher.enabled','false'),(3,'yarn.resourcemanager.webapp.address','${yarn.resourcemanager.hostname}:8088'),(3,'yarn.resourcemanager.webapp.address.rm1','node545:8088'),(3,'yarn.resourcemanager.webapp.address.rm2','node546:8088'),(3,'yarn.resourcemanager.webapp.cross-origin.enabled','false'),(3,'yarn.resourcemanager.webapp.delegation-token-auth-filter.enabled','true'),(3,'yarn.resourcemanager.webapp.https.address','${yarn.resourcemanager.hostname}:8090'),(3,'yarn.resourcemanager.work-preserving-recovery.enabled','true'),(3,'yarn.resourcemanager.work-preserving-recovery.scheduling-wait-ms','10000'),(3,'yarn.resourcemanager.zk-acl','world:anyone:rwcda'),(3,'yarn.resourcemanager.zk-address','node545:2181,node546:2181,node547:2181'),(3,'yarn.resourcemanager.zk-num-retries','1000'),(3,'yarn.resourcemanager.zk-retry-interval-ms','1000'),(3,'yarn.resourcemanager.zk-state-store.parent-path','/rmstore-yarn1'),(3,'yarn.resourcemanager.zk-timeout-ms','10000'),(3,'yarn.scheduler.maximum-allocation-mb','98304'),(3,'yarn.scheduler.maximum-allocation-vcores','96'),(3,'yarn.scheduler.minimum-allocation-mb','1024'),(3,'yarn.scheduler.minimum-allocation-vcores','1'),(3,'yarn.service.id','yarn1'),(3,'yarn.sharedcache.admin.address','0.0.0.0:8047'),(3,'yarn.sharedcache.admin.thread-count','1'),(3,'yarn.sharedcache.app-checker.class','org.apache.hadoop.yarn.server.sharedcachemanager.RemoteAppChecker'),(3,'yarn.sharedcache.checksum.algo.impl','org.apache.hadoop.yarn.sharedcache.ChecksumSHA256Impl'),(3,'yarn.sharedcache.cleaner.initial-delay-mins','10'),(3,'yarn.sharedcache.cleaner.period-mins','1440'),(3,'yarn.sharedcache.cleaner.resource-sleep-ms','0'),(3,'yarn.sharedcache.client-server.address','0.0.0.0:8045'),(3,'yarn.sharedcache.client-server.thread-count','50'),(3,'yarn.sharedcache.enabled','false'),(3,'yarn.sharedcache.nested-level','3'),(3,'yarn.sharedcache.nm.uploader.replication.factor','10'),(3,'yarn.sharedcache.nm.uploader.thread-count','20'),(3,'yarn.sharedcache.root-dir','/sharedcache'),(3,'yarn.sharedcache.store.class','org.apache.hadoop.yarn.server.sharedcachemanager.store.InMemorySCMStore'),(3,'yarn.sharedcache.store.in-memory.check-period-mins','720'),(3,'yarn.sharedcache.store.in-memory.initial-delay-mins','10'),(3,'yarn.sharedcache.store.in-memory.staleness-period-mins','10080'),(3,'yarn.sharedcache.uploader.server.address','0.0.0.0:8046'),(3,'yarn.sharedcache.uploader.server.thread-count','50'),(3,'yarn.sharedcache.webapp.address','0.0.0.0:8788'),(3,'yarn.timeline-service.address','${yarn.timeline-service.hostname}:10200'),(3,'yarn.timeline-service.client.best-effort','false'),(3,'yarn.timeline-service.client.max-retries','30'),(3,'yarn.timeline-service.client.retry-interval-ms','1000'),(3,'yarn.timeline-service.enabled','false'),(3,'yarn.timeline-service.generic-application-history.max-applications','10000'),(3,'yarn.timeline-service.handler-thread-count','10'),(3,'yarn.timeline-service.hostname','node547'),(3,'yarn.timeline-service.http-authentication.kerberos.keytab','/etc/yarn1/conf/yarn.keytab'),(3,'yarn.timeline-service.http-authentication.kerberos.principal','HTTP/_HOST@TDH'),(3,'yarn.timeline-service.http-authentication.simple.anonymous.allowed','true'),(3,'yarn.timeline-service.http-authentication.type','kerberos'),(3,'yarn.timeline-service.keytab','/etc/yarn1/conf/yarn.keytab'),(3,'yarn.timeline-service.leveldb-state-store.path','${hadoop.tmp.dir}/yarn/timeline'),(3,'yarn.timeline-service.leveldb-timeline-store.path','${hadoop.tmp.dir}/yarn/timeline'),(3,'yarn.timeline-service.leveldb-timeline-store.read-cache-size','104857600'),(3,'yarn.timeline-service.leveldb-timeline-store.start-time-read-cache-size','10000'),(3,'yarn.timeline-service.leveldb-timeline-store.start-time-write-cache-size','10000'),(3,'yarn.timeline-service.leveldb-timeline-store.ttl-interval-ms','300000'),(3,'yarn.timeline-service.principal','yarn/_HOST@TDH'),(3,'yarn.timeline-service.recovery.enabled','false'),(3,'yarn.timeline-service.state-store-class','org.apache.hadoop.yarn.server.timeline.recovery.LeveldbTimelineStateStore'),(3,'yarn.timeline-service.store-class','org.apache.hadoop.yarn.server.timeline.LeveldbTimelineStore'),(3,'yarn.timeline-service.ttl-enable','true'),(3,'yarn.timeline-service.ttl-ms','604800000'),(3,'yarn.timeline-service.webapp.address','node547:8188'),(3,'yarn.timeline-service.webapp.https.address','node547:8190'),(3,'zookeeper.session.timeout','180000'),(3,'zookeeper.znode.acl.parent','acl'),(3,'zookeeper.znode.parent','/hyperbase1'),(3,'zookeeper.znode.rootserver','root-region-server'),(4,'antlr.rich.errorinfo','false'),(4,'application.enable.wal','false'),(4,'character.literal.as.string','false'),(4,'character.type.length.zero.enabled','false'),(4,'client.dialect','oracle'),(4,'client.transport.sniff','true'),(4,'cluster.name','cluster'),(4,'data.dictionary.install','false'),(4,'datanucleus.autoCreateSchema','false'),(4,'datanucleus.autoStartMechanism','SchemaTable'),(4,'datanucleus.autoStartMechanismMode','checked'),(4,'datanucleus.cache.level2','false'),(4,'datanucleus.cache.level2.type','none'),(4,'datanucleus.connection.acquire.increment','10'),(4,'datanucleus.connection.max','30'),(4,'datanucleus.connection.min','10'),(4,'datanucleus.connectionPoolingType','BONECP'),(4,'datanucleus.fixedDatastore','true'),(4,'datanucleus.identifierFactory','datanucleus1'),(4,'datanucleus.plugin.pluginRegistryBundleCheck','LOG'),(4,'datanucleus.rdbms.useLegacyNativeValueStrategy','true'),(4,'datanucleus.schema.autoCreateAll','false'),(4,'datanucleus.schema.validateColumns','false'),(4,'datanucleus.schema.validateConstraints','false'),(4,'datanucleus.schema.validateTables','false'),(4,'datanucleus.storeManagerType','rdbms'),(4,'datanucleus.transactionIsolation','read-committed'),(4,'datanucleus.validateColumns','false'),(4,'datanucleus.validateConstraints','false'),(4,'datanucleus.validateTables','false'),(4,'dfs.accesstoken.enabled','true'),(4,'dfs.balancer.address','0.0.0.0:0'),(4,'dfs.balancer.block-move.timeout','0'),(4,'dfs.balancer.keytab.enabled','false'),(4,'dfs.balancer.max-no-move-interval','60000'),(4,'dfs.block.access.key.update.interval','600'),(4,'dfs.block.access.token.enable','true'),(4,'dfs.block.access.token.lifetime','600'),(4,'dfs.block.scanner.volume.bytes.per.second','1048576'),(4,'dfs.blockreport.initialDelay','0'),(4,'dfs.blockreport.intervalMsec','21600000'),(4,'dfs.blockreport.split.threshold','1000000'),(4,'dfs.blocksize','134217728'),(4,'dfs.bytes-per-checksum','512'),(4,'dfs.cachereport.intervalMsec','10000'),(4,'dfs.cas.enabled','true'),(4,'dfs.cas.login.path','https://172.26.5.46:8393/cas/login'),(4,'dfs.cas.prefix.path','https://172.26.5.46:8393/cas'),(4,'dfs.client-write-packet-size','65536'),(4,'dfs.client.block.write.replace-datanode-on-failure.best-effort','false'),(4,'dfs.client.block.write.replace-datanode-on-failure.enable','true'),(4,'dfs.client.block.write.replace-datanode-on-failure.policy','DEFAULT'),(4,'dfs.client.block.write.retries','3'),(4,'dfs.client.cached.conn.retry','3'),(4,'dfs.client.context','default'),(4,'dfs.client.datanode-restart.timeout','30'),(4,'dfs.client.domain.socket.data.traffic','false'),(4,'dfs.client.failover.connection.retries','0'),(4,'dfs.client.failover.connection.retries.on.timeouts','0'),(4,'dfs.client.failover.max.attempts','15'),(4,'dfs.client.failover.proxy.provider.nameservice1','org.apache.hadoop.hdfs.server.namenode.ha.ConfiguredFailoverProxyProvider'),(4,'dfs.client.failover.sleep.base.millis','500'),(4,'dfs.client.failover.sleep.max.millis','15000'),(4,'dfs.client.file-block-storage-locations.num-threads','10'),(4,'dfs.client.file-block-storage-locations.timeout.millis','1000'),(4,'dfs.client.https.keystore.resource','ssl-client.xml'),(4,'dfs.client.https.need-auth','false'),(4,'dfs.client.mmap.cache.size','256'),(4,'dfs.client.mmap.cache.timeout.ms','3600000'),(4,'dfs.client.mmap.enabled','true'),(4,'dfs.client.mmap.retry.timeout.ms','300000'),(4,'dfs.client.read.shortcircuit','true'),(4,'dfs.client.read.shortcircuit.skip.checksum','false'),(4,'dfs.client.read.shortcircuit.streams.cache.expiry.ms','300000'),(4,'dfs.client.read.shortcircuit.streams.cache.size','256'),(4,'dfs.client.short.circuit.replica.stale.threshold.ms','1800000'),(4,'dfs.client.slow.io.warning.threshold.ms','30000'),(4,'dfs.client.socket-timeout','120000'),(4,'dfs.client.socket.send.buffer.size','131072'),(4,'dfs.client.use.datanode.hostname','false'),(4,'dfs.client.use.legacy.blockreader.local','false'),(4,'dfs.client.write.exclude.nodes.cache.expiry.interval.millis','600000'),(4,'dfs.data.transfer.protection','integrity'),(4,'dfs.datanode.address','0.0.0.0:50010'),(4,'dfs.datanode.available-space-volume-choosing-policy.balanced-space-preference-fraction','0.75f'),(4,'dfs.datanode.available-space-volume-choosing-policy.balanced-space-threshold','10737418240'),(4,'dfs.datanode.balance.bandwidthPerSec','1048576'),(4,'dfs.datanode.block-pinning.enabled','false'),(4,'dfs.datanode.block.id.layout.upgrade.threads','12'),(4,'dfs.datanode.bp-ready.timeout','20'),(4,'dfs.datanode.cache.revocation.polling.ms','500'),(4,'dfs.datanode.cache.revocation.timeout.ms','900000'),(4,'dfs.datanode.data.dir','/vdir/mnt/disk1/hadoop/data'),(4,'dfs.datanode.data.dir.perm','755'),(4,'dfs.datanode.directoryscan.interval','21600'),(4,'dfs.datanode.directoryscan.threads','1'),(4,'dfs.datanode.directoryscan.throttle.limit.ms.per.sec','0'),(4,'dfs.datanode.dns.interface','default'),(4,'dfs.datanode.dns.nameserver','default'),(4,'dfs.datanode.drop.cache.behind.reads','false'),(4,'dfs.datanode.drop.cache.behind.writes','false'),(4,'dfs.datanode.du.reserved','21464350720'),(4,'dfs.datanode.failed.volumes.tolerated','0'),(4,'dfs.datanode.fsdatasetcache.max.threads.per.volume','4'),(4,'dfs.datanode.handler.count','30'),(4,'dfs.datanode.hdfs-blocks-metadata.enabled','false'),(4,'dfs.datanode.http.address','0.0.0.0:50075'),(4,'dfs.datanode.https.address','0.0.0.0:50475'),(4,'dfs.datanode.ipc.address','0.0.0.0:50020'),(4,'dfs.datanode.kerberos.principal','hdfs/_HOST@TDH'),(4,'dfs.datanode.keytab.file','/etc/hdfs1/conf/hdfs.keytab'),(4,'dfs.datanode.max.locked.memory','0'),(4,'dfs.datanode.max.transfer.threads','4096'),(4,'dfs.datanode.readahead.bytes','4194304'),(4,'dfs.datanode.scan.period.hours','504'),(4,'dfs.datanode.shared.file.descriptor.paths','/dev/shm,/tmp'),(4,'dfs.datanode.slow.io.warning.threshold.ms','300'),(4,'dfs.datanode.sync.behind.writes','false'),(4,'dfs.datanode.transfer.socket.recv.buffer.size','131072'),(4,'dfs.datanode.transfer.socket.send.buffer.size','131072'),(4,'dfs.datanode.use.datanode.hostname','false'),(4,'dfs.default.chunk.view.size','32768'),(4,'dfs.domain.socket.path','/var/run/hdfs1/dn_socket'),(4,'dfs.encrypt.data.transfer','false'),(4,'dfs.encrypt.data.transfer.cipher.key.bitlength','128'),(4,'dfs.ha.automatic-failover.enabled','false'),(4,'dfs.ha.automatic-failover.enabled.nameservice1','true'),(4,'dfs.ha.fencing.methods','shell(/bin/true)'),(4,'dfs.ha.fencing.ssh.connect-timeout','30000'),(4,'dfs.ha.log-roll.period','120'),(4,'dfs.ha.namenodes.nameservice1','nn1,nn2'),(4,'dfs.ha.tail-edits.period','60'),(4,'dfs.heartbeat.interval','3'),(4,'dfs.hosts.exclude','/etc/hdfs1/conf/exclude-list.txt'),(4,'dfs.http.policy','HTTP_ONLY'),(4,'dfs.https.server.keystore.resource','ssl-server.xml'),(4,'dfs.image.compress','false'),(4,'dfs.image.compression.codec','org.apache.hadoop.io.compress.DefaultCodec'),(4,'dfs.image.transfer.bandwidthPerSec','0'),(4,'dfs.image.transfer.chunksize','65536'),(4,'dfs.image.transfer.timeout','60000'),(4,'dfs.journalnode.edits.dir','/hadoop/journal'),(4,'dfs.journalnode.http-address','0.0.0.0:8480'),(4,'dfs.journalnode.https-address','0.0.0.0:8481'),(4,'dfs.journalnode.kerberos.internal.spnego.principal','HTTP/_HOST@TDH'),(4,'dfs.journalnode.kerberos.principal','hdfs/_HOST@TDH'),(4,'dfs.journalnode.keytab.file','/etc/hdfs1/conf/hdfs.keytab'),(4,'dfs.journalnode.rpc-address','0.0.0.0:8485'),(4,'dfs.lock.suppress.warning.interval','10s'),(4,'dfs.mover.max-no-move-interval','60000'),(4,'dfs.namenode.accesstime.precision','3600000'),(4,'dfs.namenode.acls.enabled','true'),(4,'dfs.namenode.audit.loggers','default'),(4,'dfs.namenode.avoid.read.stale.datanode','false'),(4,'dfs.namenode.avoid.write.stale.datanode','false'),(4,'dfs.namenode.backup.address','0.0.0.0:50100'),(4,'dfs.namenode.backup.http-address','0.0.0.0:50105'),(4,'dfs.namenode.block-placement-policy.default.prefer-local-node','true'),(4,'dfs.namenode.blocks.per.postponedblocks.rescan','10000'),(4,'dfs.namenode.checkpoint.check.period','60'),(4,'dfs.namenode.checkpoint.dir','file://${hadoop.tmp.dir}/dfs/namesecondary'),(4,'dfs.namenode.checkpoint.edits.dir','${dfs.namenode.checkpoint.dir}'),(4,'dfs.namenode.checkpoint.max-retries','3'),(4,'dfs.namenode.checkpoint.period','3600'),(4,'dfs.namenode.checkpoint.txns','1000000'),(4,'dfs.namenode.datanode.registration.ip-hostname-check','true'),(4,'dfs.namenode.decommission.blocks.per.interval','500000'),(4,'dfs.namenode.decommission.interval','30'),(4,'dfs.namenode.decommission.max.concurrent.tracked.nodes','100'),(4,'dfs.namenode.delegation.key.update-interval','86400000'),(4,'dfs.namenode.delegation.token.max-lifetime','604800000'),(4,'dfs.namenode.delegation.token.renew-interval','86400000'),(4,'dfs.namenode.edit.log.autoroll.check.interval.ms','300000'),(4,'dfs.namenode.edit.log.autoroll.multiplier.threshold','2.0'),(4,'dfs.namenode.edits.dir','${dfs.namenode.name.dir}'),(4,'dfs.namenode.edits.journal-plugin.qjournal','org.apache.hadoop.hdfs.qjournal.client.QuorumJournalManager'),(4,'dfs.namenode.edits.noeditlogchannelflush','false'),(4,'dfs.namenode.enable.retrycache','true'),(4,'dfs.namenode.fs-limits.max-blocks-per-file','1048576'),(4,'dfs.namenode.fs-limits.max-component-length','255'),(4,'dfs.namenode.fs-limits.max-directory-items','1048576'),(4,'dfs.namenode.fs-limits.max-xattr-size','16384'),(4,'dfs.namenode.fs-limits.max-xattrs-per-inode','32'),(4,'dfs.namenode.fs-limits.min-block-size','1048576'),(4,'dfs.namenode.fslock.fair','true'),(4,'dfs.namenode.handler.count','100'),(4,'dfs.namenode.heartbeat.recheck-interval','300000'),(4,'dfs.namenode.http-address','0.0.0.0:50070'),(4,'dfs.namenode.http-address.nameservice1.nn1','node545:50070'),(4,'dfs.namenode.http-address.nameservice1.nn2','node546:50070'),(4,'dfs.namenode.https-address','0.0.0.0:50470'),(4,'dfs.namenode.inode.attributes.provider.class','io.transwarp.guardian.plugins.hdfs.GuardianINodeAttributeProvider'),(4,'dfs.namenode.inotify.max.events.per.rpc','1000'),(4,'dfs.namenode.invalidate.work.pct.per.iteration','0.32f'),(4,'dfs.namenode.kerberos.internal.spnego.principal','HTTP/_HOST@TDH'),(4,'dfs.namenode.kerberos.principal','hdfs/_HOST@TDH'),(4,'dfs.namenode.kerberos.principal.pattern','*'),(4,'dfs.namenode.keytab.file','/etc/hdfs1/conf/hdfs.keytab'),(4,'dfs.namenode.lazypersist.file.scrub.interval.sec','300'),(4,'dfs.namenode.list.cache.directives.num.responses','100'),(4,'dfs.namenode.list.cache.pools.num.responses','100'),(4,'dfs.namenode.list.encryption.zones.num.responses','100'),(4,'dfs.namenode.lock.detailed-metrics.enabled','false'),(4,'dfs.namenode.max.extra.edits.segments.retained','10000'),(4,'dfs.namenode.max.objects','0'),(4,'dfs.namenode.name.dir','file://${hadoop.tmp.dir}/dfs/name'),(4,'dfs.namenode.name.dir.restore','false'),(4,'dfs.namenode.num.checkpoints.retained','2'),(4,'dfs.namenode.num.extra.edits.retained','1000000'),(4,'dfs.namenode.path.based.cache.block.map.allocation.percent','0.25'),(4,'dfs.namenode.path.based.cache.refresh.interval.ms','30000'),(4,'dfs.namenode.path.based.cache.retry.interval.ms','30000'),(4,'dfs.namenode.quota.init-threads','4'),(4,'dfs.namenode.read-lock-reporting-threshold-ms','5000'),(4,'dfs.namenode.reject-unresolved-dn-topology-mapping','false'),(4,'dfs.namenode.replication.considerLoad','true'),(4,'dfs.namenode.replication.interval','3'),(4,'dfs.namenode.replication.min','1'),(4,'dfs.namenode.replication.work.multiplier.per.iteration','2'),(4,'dfs.namenode.resource.check.interval','5000'),(4,'dfs.namenode.resource.checked.volumes.minimum','1'),(4,'dfs.namenode.resource.du.reserved','104857600'),(4,'dfs.namenode.retrycache.expirytime.millis','600000'),(4,'dfs.namenode.retrycache.heap.percent','0.03f'),(4,'dfs.namenode.rpc-address.nameservice1.nn1','node545:8020'),(4,'dfs.namenode.rpc-address.nameservice1.nn2','node546:8020'),(4,'dfs.namenode.safemode.extension','30000'),(4,'dfs.namenode.safemode.min.datanodes','0'),(4,'dfs.namenode.safemode.threshold-pct','0.999f'),(4,'dfs.namenode.secondary.http-address','0.0.0.0:50090'),(4,'dfs.namenode.secondary.https-address','0.0.0.0:50091'),(4,'dfs.namenode.shared.edits.dir.nameservice1','qjournal://node545:8485;node546:8485;node547:8485/nameservice1'),(4,'dfs.namenode.stale.datanode.interval','30000'),(4,'dfs.namenode.startup.delay.block.deletion.sec','0'),(4,'dfs.namenode.support.allow.format','true'),(4,'dfs.namenode.top.enabled','true'),(4,'dfs.namenode.top.num.users','10'),(4,'dfs.namenode.top.window.num.buckets','10'),(4,'dfs.namenode.top.windows.minutes','1,5,25'),(4,'dfs.namenode.write-lock-reporting-threshold-ms','5000'),(4,'dfs.namenode.write.stale.datanode.ratio','0.5f'),(4,'dfs.namenode.xattrs.enabled','true'),(4,'dfs.nameservices','nameservice1'),(4,'dfs.permissions.enabled','true'),(4,'dfs.permissions.superusergroup','hbase'),(4,'dfs.reformat.disabled','false'),(4,'dfs.replication','3'),(4,'dfs.replication.max','512'),(4,'dfs.secondary.namenode.kerberos.internal.spnego.principal','${dfs.web.authentication.kerberos.principal}'),(4,'dfs.short.circuit.shared.memory.watcher.interrupt.check.ms','60000'),(4,'dfs.storage.policy.enabled','true'),(4,'dfs.stream-buffer-size','4096'),(4,'dfs.support.append','false'),(4,'dfs.user.home.dir.prefix','/user'),(4,'dfs.web.authentication.kerberos.keytab','/etc/hdfs1/conf/hdfs.keytab'),(4,'dfs.web.authentication.kerberos.principal','HTTP/_HOST@TDH'),(4,'dfs.webhdfs.enabled','true'),(4,'dfs.webhdfs.user.provider.user.pattern','^[A-Za-z_][A-Za-z0-9._-]*[$]?$'),(4,'discovery.zen.minimum_master_nodes','1'),(4,'discovery.zen.ping.unicast.hosts','node545:9300,node546:9300,node547:9300'),(4,'esdrive.add.props.ack.timeout','30'),(4,'esdrive.add.props.master.timeout','30'),(4,'esdrive.agg.columns','5'),(4,'esdrive.aggregation.buckets.threshold','1000'),(4,'esdrive.clientscan','true'),(4,'esdrive.create.table.ack.timeout','30'),(4,'esdrive.create.table.master.timeout','30'),(4,'esdrive.data.corrupt.ignored','false'),(4,'esdrive.filter.in.to.union','false'),(4,'esdrive.filter.in.to.union.maxnum.threshold','10000'),(4,'esdrive.filter.in.to.union.num.threshold','1000'),(4,'esdrive.flush.with.refresh','false'),(4,'esdrive.insert.batch.size','1000'),(4,'esdrive.insert.optype','upsert'),(4,'esdrive.insert.without.rowkey','false'),(4,'esdrive.intelligent.scroll.iterator','false'),(4,'esdrive.large.result.set.optimization','true'),(4,'esdrive.map.tasks','0'),(4,'esdrive.matches.slop.size','0'),(4,'esdrive.metacache.concurrency.level','10'),(4,'esdrive.metacache.enabled','false'),(4,'esdrive.metacache.expire.time','300000'),(4,'esdrive.metacache.maxsize','1000'),(4,'esdrive.orderby.batch.size.limit','10000'),(4,'esdrive.restclient.count','10'),(4,'esdrive.return.limit','-1'),(4,'esdrive.select.batch.size','1000'),(4,'esdrive.stricted.analyzer','true'),(4,'esdrive.wait.cluster.health.timeout','30'),(4,'esdrive.write.external.table.default.type','false'),(4,'esdrive.xcontent.type','JSON'),(4,'file.blocksize','67108864'),(4,'file.bytes-per-checksum','512'),(4,'file.client-write-packet-size','65536'),(4,'file.replication','1'),(4,'file.stream-buffer-size','4096'),(4,'fs.AbstractFileSystem.file.impl','org.apache.hadoop.fs.local.LocalFs'),(4,'fs.AbstractFileSystem.ftp.impl','org.apache.hadoop.fs.ftp.FtpFs'),(4,'fs.AbstractFileSystem.har.impl','org.apache.hadoop.fs.HarFs'),(4,'fs.AbstractFileSystem.hdfs.impl','org.apache.hadoop.fs.Hdfs'),(4,'fs.AbstractFileSystem.viewfs.impl','org.apache.hadoop.fs.viewfs.ViewFs'),(4,'fs.automatic.close','true'),(4,'fs.client.resolve.remote.symlinks','true'),(4,'fs.defaultFS','hdfs://nameservice1'),(4,'fs.df.interval','60000'),(4,'fs.du.interval','600000'),(4,'fs.ftp.host','0.0.0.0'),(4,'fs.ftp.host.port','21'),(4,'fs.har.impl','org.apache.hadoop.hive.shims.HiveHarFileSystem'),(4,'fs.har.impl.disable.cache','true'),(4,'fs.permissions.umask-mode','022'),(4,'fs.s3.block.size','67108864'),(4,'fs.s3.buffer.dir','${hadoop.tmp.dir}/s3'),(4,'fs.s3.maxRetries','4'),(4,'fs.s3.sleepTimeSeconds','10'),(4,'fs.s3a.attempts.maximum','10'),(4,'fs.s3a.buffer.dir','${hadoop.tmp.dir}/s3a'),(4,'fs.s3a.connection.establish.timeout','5000'),(4,'fs.s3a.connection.maximum','15'),(4,'fs.s3a.connection.ssl.enabled','true'),(4,'fs.s3a.connection.timeout','50000'),(4,'fs.s3a.fast.buffer.size','1048576'),(4,'fs.s3a.fast.upload','false'),(4,'fs.s3a.impl','org.apache.hadoop.fs.s3a.S3AFileSystem'),(4,'fs.s3a.max.total.tasks','1000'),(4,'fs.s3a.multipart.purge','false'),(4,'fs.s3a.multipart.purge.age','86400'),(4,'fs.s3a.multipart.size','104857600'),(4,'fs.s3a.multipart.threshold','2147483647'),(4,'fs.s3a.paging.maximum','5000'),(4,'fs.s3a.threads.core','15'),(4,'fs.s3a.threads.keepalivetime','60'),(4,'fs.s3a.threads.max','256'),(4,'fs.s3n.block.size','67108864'),(4,'fs.s3n.multipart.copy.block.size','5368709120'),(4,'fs.s3n.multipart.uploads.block.size','67108864'),(4,'fs.s3n.multipart.uploads.enabled','false'),(4,'fs.swift.impl','org.apache.hadoop.fs.swift.snative.SwiftNativeFileSystem'),(4,'fs.trash.checkpoint.interval','0'),(4,'fs.trash.interval','1440'),(4,'ftp.blocksize','67108864'),(4,'ftp.bytes-per-checksum','512'),(4,'ftp.client-write-packet-size','65536'),(4,'ftp.replication','3'),(4,'ftp.stream-buffer-size','4096'),(4,'graph.checkpoint.frequency','30'),(4,'graph.checkpoint.local','false'),(4,'graph.unbiased.threshold','5000'),(4,'ha.failover-controller.cli-check.rpc-timeout.ms','20000'),(4,'ha.failover-controller.graceful-fence.connection.retries','1'),(4,'ha.failover-controller.graceful-fence.rpc-timeout.ms','5000'),(4,'ha.failover-controller.new-active.rpc-timeout.ms','60000'),(4,'ha.health-monitor.check-interval.ms','1000'),(4,'ha.health-monitor.connect-retry-interval.ms','1000'),(4,'ha.health-monitor.rpc-timeout.ms','45000'),(4,'ha.health-monitor.sleep-after-disconnect.ms','1000'),(4,'ha.zookeeper.acl','world:anyone:rwcda'),(4,'ha.zookeeper.parent-znode','/hdfs1-ha'),(4,'ha.zookeeper.quorum','node545:2181,node546:2181,node547:2181'),(4,'ha.zookeeper.session-timeout.ms','5000'),(4,'hadoop.bin.path','/usr/lib/hadoop/bin/hadoop'),(4,'hadoop.common.configuration.version','0.23.0'),(4,'hadoop.fuse.connection.timeout','300'),(4,'hadoop.fuse.timer.period','5'),(4,'hadoop.hdfs.configuration.version','1'),(4,'hadoop.http.authentication.kerberos.keytab','/etc/hdfs1/conf/hdfs.keytab'),(4,'hadoop.http.authentication.kerberos.principal','HTTP/node547@TDH'),(4,'hadoop.http.authentication.signature.secret.file','/etc/hadoop-http-auth-signature-secret'),(4,'hadoop.http.authentication.simple.anonymous.allowed','true'),(4,'hadoop.http.authentication.token.validity','36000'),(4,'hadoop.http.authentication.type','simple'),(4,'hadoop.http.cross-origin.allowed-headers','X-Requested-With,Content-Type,Accept,Origin'),(4,'hadoop.http.cross-origin.allowed-methods','GET,POST,HEAD'),(4,'hadoop.http.cross-origin.allowed-origins','*'),(4,'hadoop.http.cross-origin.enabled','false'),(4,'hadoop.http.cross-origin.max-age','1800'),(4,'hadoop.http.filter.initializers','org.apache.hadoop.security.AuthenticationFilterInitializer'),(4,'hadoop.http.staticuser.user','dr.who'),(4,'hadoop.jetty.logs.serve.aliases','true'),(4,'hadoop.kerberos.kinit.command','kinit'),(4,'hadoop.proxyuser.guardian.groups','*'),(4,'hadoop.proxyuser.guardian.hosts','*'),(4,'hadoop.proxyuser.hbase.groups','*'),(4,'hadoop.proxyuser.hbase.hosts','*'),(4,'hadoop.proxyuser.hdfs.groups','*'),(4,'hadoop.proxyuser.hdfs.hosts','*'),(4,'hadoop.proxyuser.hive.groups','*'),(4,'hadoop.proxyuser.hive.hosts','*'),(4,'hadoop.proxyuser.httpfs.groups','*'),(4,'hadoop.proxyuser.httpfs.hosts','*'),(4,'hadoop.proxyuser.hue.groups','*'),(4,'hadoop.proxyuser.hue.hosts','*'),(4,'hadoop.proxyuser.oozie.groups','*'),(4,'hadoop.proxyuser.oozie.hosts','*'),(4,'hadoop.proxyuser.root.groups','*'),(4,'hadoop.proxyuser.root.hosts','*'),(4,'hadoop.registry.jaas.context','Client'),(4,'hadoop.registry.rm.enabled','false'),(4,'hadoop.registry.secure','false'),(4,'hadoop.registry.system.acls','sasl:yarn@, sasl:mapred@, sasl:hdfs@'),(4,'hadoop.registry.zk.connection.timeout.ms','15000'),(4,'hadoop.registry.zk.quorum','localhost:2181'),(4,'hadoop.registry.zk.retry.ceiling.ms','60000'),(4,'hadoop.registry.zk.retry.interval.ms','1000'),(4,'hadoop.registry.zk.retry.times','5'),(4,'hadoop.registry.zk.root','/registry'),(4,'hadoop.registry.zk.session.timeout.ms','60000'),(4,'hadoop.rpc.protection','authentication'),(4,'hadoop.rpc.socket.factory.class.default','org.apache.hadoop.net.StandardSocketFactory'),(4,'hadoop.security.authentication','kerberos'),(4,'hadoop.security.authorization','true'),(4,'hadoop.security.crypto.buffer.size','8192'),(4,'hadoop.security.crypto.cipher.suite','AES/CTR/NoPadding'),(4,'hadoop.security.crypto.codec.classes.aes.ctr.nopadding','org.apache.hadoop.crypto.OpensslAesCtrCryptoCodec,org.apache.hadoop.crypto.JceAesCtrCryptoCodec'),(4,'hadoop.security.group.mapping','org.apache.hadoop.security.LdapGroupsMapping'),(4,'hadoop.security.group.mapping.ldap.base','dc=tdh'),(4,'hadoop.security.group.mapping.ldap.bind.password.file','/etc/hdfs1/conf/ldap-conn-pass.txt'),(4,'hadoop.security.group.mapping.ldap.bind.user','uid=admin,ou=system'),(4,'hadoop.security.group.mapping.ldap.directory.search.timeout','10000'),(4,'hadoop.security.group.mapping.ldap.search.attr.group.name','cn'),(4,'hadoop.security.group.mapping.ldap.search.attr.member','member'),(4,'hadoop.security.group.mapping.ldap.search.filter.group','(objectClass=configGroup)'),(4,'hadoop.security.group.mapping.ldap.search.filter.user','(&(objectClass=inetOrgPerson)(uid={0}))'),(4,'hadoop.security.group.mapping.ldap.ssl','false'),(4,'hadoop.security.group.mapping.ldap.url','ldap://node545:10389 ldap://node546:10389'),(4,'hadoop.security.groups.cache.secs','300'),(4,'hadoop.security.groups.cache.warn.after.ms','5000'),(4,'hadoop.security.groups.negative-cache.secs','30'),(4,'hadoop.security.instrumentation.requires.admin','false'),(4,'hadoop.security.java.secure.random.algorithm','SHA1PRNG'),(4,'hadoop.security.kms.client.authentication.retry-count','1'),(4,'hadoop.security.kms.client.encrypted.key.cache.expiry','43200000'),(4,'hadoop.security.kms.client.encrypted.key.cache.low-watermark','0.3f'),(4,'hadoop.security.kms.client.encrypted.key.cache.num.refill.threads','2'),(4,'hadoop.security.kms.client.encrypted.key.cache.size','500'),(4,'hadoop.security.random.device.file.path','/dev/urandom'),(4,'hadoop.security.sensitive-config-keys','password$,fs.s3.*[Ss]ecret.?[Kk]ey,fs.azure.account.key.*,dfs.webhdfs.oauth2.[a-z]+.token,hadoop.security.sensitive-config-keys'),(4,'hadoop.security.uid.cache.secs','14400'),(4,'hadoop.ssl.client.conf','ssl-client.xml'),(4,'hadoop.ssl.enabled','false'),(4,'hadoop.ssl.enabled.protocols','TLSv1'),(4,'hadoop.ssl.hostname.verifier','DEFAULT'),(4,'hadoop.ssl.keystores.factory.class','org.apache.hadoop.security.ssl.FileBasedKeyStoresFactory'),(4,'hadoop.ssl.require.client.cert','false'),(4,'hadoop.ssl.server.conf','ssl-server.xml'),(4,'hadoop.tmp.dir','/tmp/hadoop-${user.name}'),(4,'hadoop.user.group.static.mapping.overrides','dr.who=;'),(4,'hadoop.util.hash.type','murmur'),(4,'hadoop.work.around.non.threadsafe.getpwuid','false'),(4,'hbase.client.delete.write.size','1024'),(4,'hbase.client.retries.number','14'),(4,'hbase.client.scanner.caching','500'),(4,'hbase.fusionrow.filter','true'),(4,'hbase.master.kerberos.principal','hbase/_HOST@TDH'),(4,'hbase.master.port','60000'),(4,'hbase.regions.slop','/hbase1'),(4,'hbase.regionserver.kerberos.principal','hbase/_HOST@TDH'),(4,'hbase.regionserver.port','60020'),(4,'hbase.security.authentication','kerberos'),(4,'hbase.table.default.storage.type','string'),(4,'hbase.zookeeper.leaderport','3888'),(4,'hbase.zookeeper.peerport','180000'),(4,'hbase.zookeeper.property.clientPort','2181'),(4,'hbase.zookeeper.quorum','node545,node546,node547'),(4,'hdfs.service.id','hdfs1'),(4,'hive.analyze.stmt.collect.partlevel.stats','true'),(4,'hive.archive.enabled','false'),(4,'hive.auto.convert.join','false'),(4,'hive.auto.convert.join.noconditionaltask','true'),(4,'hive.auto.convert.join.noconditionaltask.size','10000000'),(4,'hive.auto.convert.sortmerge.join','false'),(4,'hive.auto.convert.sortmerge.join.bigtable.selection.policy','org.apache.hadoop.hive.ql.optimizer.AvgPartitionSizeBasedBigTableSelectorForAutoSMJ'),(4,'hive.auto.convert.sortmerge.join.to.mapjoin','false'),(4,'hive.auto.progress.timeout','0'),(4,'hive.autogen.columnalias.prefix.includefuncname','false'),(4,'hive.autogen.columnalias.prefix.label','_c'),(4,'hive.binary.record.max.length','1000'),(4,'hive.cache.expr.evaluation','true'),(4,'hive.cache.io.format.max.entries','100'),(4,'hive.cache.properties.max.entries','1000'),(4,'hive.cache.table.desc.max.entries','100'),(4,'hive.cbo.cnf.maxnodes','-1'),(4,'hive.cli.errors.ignore','false'),(4,'hive.cli.pretty.output.num.cols','-1'),(4,'hive.cli.print.current.db','false'),(4,'hive.cli.print.header','false'),(4,'hive.cli.prompt','transwarp'),(4,'hive.cluster.delegation.token.store.class','org.apache.hadoop.hive.thrift.MemoryTokenStore'),(4,'hive.cluster.delegation.token.store.zookeeper.znode','/hive/cluster/delegation'),(4,'hive.compact.allow.task.retry','true'),(4,'hive.compact.block.interval','180'),(4,'hive.compactor.abortedtxn.threshold','1000'),(4,'hive.compactor.check.interval','90'),(4,'hive.compactor.clean.ctc','true'),(4,'hive.compactor.clean.ctc.interval','1200'),(4,'hive.compactor.cleaner.run.interval','30000'),(4,'hive.compactor.ctc.threshold','200'),(4,'hive.compactor.delta.num.threshold','50'),(4,'hive.compactor.delta.num.threshold.without.base','10'),(4,'hive.compactor.delta.pct.threshold','0.1'),(4,'hive.compactor.initiator.on','true'),(4,'hive.compactor.max.num.delta','50000'),(4,'hive.compactor.sleep.time.for.read.only.metastore','1800'),(4,'hive.compactor.table.open.txnid','false'),(4,'hive.compactor.worker.max.st.times','5'),(4,'hive.compactor.worker.run.interval','30000'),(4,'hive.compactor.worker.threads','2'),(4,'hive.compactor.worker.timeout','86400'),(4,'hive.compat','0.12'),(4,'hive.compile.lock','false'),(4,'hive.compute.splits.in.am','true'),(4,'hive.conf.optimization.enabled','false'),(4,'hive.conf.restricted.list','hive.security.authenticator.manager,hive.security.authorization.manager,hive.security.metastore.authorization.manager,hive.security.metastore.authenticator.manager,hive.decimal.wrdecimal.enabled,hive.users.in.admin.role,hive.security.authorization.enabled,inceptor.date.show.time'),(4,'hive.conf.validation','true'),(4,'hive.correlated.subquery.ast.transform','true'),(4,'hive.correlated.subquery.ast.transform.scalar.check','true'),(4,'hive.correlated.subquery.conversion.join.type','innerjoin'),(4,'hive.counters.group.name','HIVE'),(4,'hive.crud.dynamic.partition','false'),(4,'hive.ddl.createtablelike.properties.whitelist','transactional,storage_handler,es.table.shards'),(4,'hive.debug.localtask','false'),(4,'hive.decimal.wrdecimal.enabled','true'),(4,'hive.decode.partition.name','false'),(4,'hive.default.fileformat','TextFile'),(4,'hive.default.rcfile.serde','org.apache.hadoop.hive.serde2.columnar.LazyBinaryColumnarSerDe'),(4,'hive.display.partition.cols.separately','true'),(4,'hive.downloaded.resources.dir','/tmp/_resources'),(4,'hive.enforce.bucketing','true'),(4,'hive.enforce.bucketmapjoin','false'),(4,'hive.enforce.sorting','false'),(4,'hive.enforce.sortmergebucketmapjoin','false'),(4,'hive.entity.separator','@'),(4,'hive.error.on.empty.partition','false'),(4,'hive.except.aggregateratio','1.0'),(4,'hive.exception.debug','true'),(4,'hive.exclusive.lock.max.waiting.time','120'),(4,'hive.exec.check.crossproducts','true'),(4,'hive.exec.compress.intermediate','true'),(4,'hive.exec.compress.output','false'),(4,'hive.exec.concatenate.check.index','true'),(4,'hive.exec.copyfile.maxsize','33554432'),(4,'hive.exec.counters.pull.interval','1000'),(4,'hive.exec.default.partition.name','__HIVE_DEFAULT_PARTITION__'),(4,'hive.exec.drop.ignorenonexistent','true'),(4,'hive.exec.dynamic.partition','false'),(4,'hive.exec.dynamic.partition.mode','nonstrict'),(4,'hive.exec.infer.bucket.sort','false'),(4,'hive.exec.infer.bucket.sort.num.buckets.power.two','false'),(4,'hive.exec.job.debug.capture.stacktraces','true'),(4,'hive.exec.job.debug.timeout','30000'),(4,'hive.exec.local.scratchdir','/tmp/hive'),(4,'hive.exec.max.created.files','100000'),(4,'hive.exec.max.dynamic.partitions','1000'),(4,'hive.exec.max.dynamic.partitions.pernode','1000'),(4,'hive.exec.mode.local.auto','false'),(4,'hive.exec.mode.local.auto.input.files.max','4'),(4,'hive.exec.mode.local.auto.inputbytes.max','134217728'),(4,'hive.exec.orc.block.padding.tolerance','0.05'),(4,'hive.exec.orc.compression.strategy','SPEED'),(4,'hive.exec.orc.default.block.padding','true'),(4,'hive.exec.orc.default.block.size','268435456'),(4,'hive.exec.orc.default.buffer.size','262144'),(4,'hive.exec.orc.default.compress','ZLIB'),(4,'hive.exec.orc.default.row.index.stride','10000'),(4,'hive.exec.orc.default.stripe.size','268435456'),(4,'hive.exec.orc.dictionary.key.size.threshold','0.8'),(4,'hive.exec.orc.encoding.strategy','SPEED'),(4,'hive.exec.orc.memcheck.size','4096'),(4,'hive.exec.orc.memory.pool','0.5'),(4,'hive.exec.orc.skip.corrupt.data','false'),(4,'hive.exec.orc.use.wide.buffersize','false'),(4,'hive.exec.orc.zerocopy','false'),(4,'hive.exec.parallel','false'),(4,'hive.exec.parallel.thread.number','8'),(4,'hive.exec.perf.logger','org.apache.hadoop.hive.ql.log.PerfLogger'),(4,'hive.exec.pre.hooks','io.transwarp.guardian.plugins.inceptor.GuardianPLFunctionHook'),(4,'hive.exec.rcfile.use.explicit.header','true'),(4,'hive.exec.rcfile.use.sync.cache','true'),(4,'hive.exec.reducers.bytes.per.reducer','1000000000'),(4,'hive.exec.reducers.max','999999'),(4,'hive.exec.rowoffset','false'),(4,'hive.exec.schema.evolution','false'),(4,'hive.exec.scratchdir','hdfs://nameservice1/inceptor1/tmp/hive'),(4,'hive.exec.scratchdir.local','file:///dev/shm'),(4,'hive.exec.script.allow.partial.consumption','false'),(4,'hive.exec.script.maxerrsize','100000'),(4,'hive.exec.script.trust','false'),(4,'hive.exec.show.job.failure.debug.info','true'),(4,'hive.exec.stagingdir','.hive-staging'),(4,'hive.exec.submit.local.task.via.child','true'),(4,'hive.exec.submitviachild','false'),(4,'hive.exec.tasklog.debug.timeout','20000'),(4,'hive.execution.engine','mr'),(4,'hive.exim.uri.scheme.whitelist','hdfs,pfile'),(4,'hive.explain.dependency.append.tasktype','false'),(4,'hive.expr.cse','true'),(4,'hive.expr.cse.nested.filter.exploring','true'),(4,'hive.extract.aggregateratio','1.0'),(4,'hive.fetch.output.serde','org.apache.hadoop.hive.serde2.DelimitedJSONSerDe'),(4,'hive.fetch.task.aggr','false'),(4,'hive.fetch.task.conversion','minimal'),(4,'hive.file.max.footer','100'),(4,'hive.fileformat.check','true'),(4,'hive.filesink.skip.empty.file','false'),(4,'hive.groupby.aggregateratio','0.6'),(4,'hive.groupby.iter.single.rollup','false'),(4,'hive.groupby.mapaggr.checkinterval','100000'),(4,'hive.groupby.orderby.position.alias','true'),(4,'hive.groupby.position.alias','true'),(4,'hive.groupby.skewindata','false'),(4,'hive.hadoop.supports.splittable.combineinputformat','false'),(4,'hive.hashtable.initialCapacity','100000'),(4,'hive.hashtable.key.count.adjustment','1.0'),(4,'hive.hashtable.loadfactor','0.75'),(4,'hive.hbase.wal.enabled','true'),(4,'hive.heartbeat.interval','1000'),(4,'hive.hmshandler.force.reload.conf','false'),(4,'hive.hmshandler.retry.attempts','1'),(4,'hive.hmshandler.retry.interval','2000'),(4,'hive.hwi.listen.host','0.0.0.0'),(4,'hive.hwi.listen.port','9999'),(4,'hive.hwi.war.file','lib/hive-hwi-0.8.1.war'),(4,'hive.ignore.mapjoin.hint','false'),(4,'hive.in.test','false'),(4,'hive.index.compact.binary.search','true'),(4,'hive.index.compact.file.ignore.hdfs','false'),(4,'hive.index.compact.query.max.entries','10000000'),(4,'hive.index.compact.query.max.size','10737418240'),(4,'hive.input.format','org.apache.hadoop.hive.ql.io.HiveInputFormat'),(4,'hive.insert.into.external.tables','true'),(4,'hive.insert.into.multilevel.dirs','false'),(4,'hive.insert.values.local','true'),(4,'hive.intersect.aggregateratio','1.0'),(4,'hive.jobname.length','50'),(4,'hive.join.aggregateratio','1.0'),(4,'hive.join.cache.size','10000'),(4,'hive.join.emit.interval','1000'),(4,'hive.keywords.ignore.case.enabled','true'),(4,'hive.limit.optimize.enable','false'),(4,'hive.limit.optimize.fetch.max','50000'),(4,'hive.limit.optimize.limit.file','10'),(4,'hive.limit.pushdown.memory.usage','-1.0'),(4,'hive.limit.query.max.table.partition','-1'),(4,'hive.limit.row.max.size','100000'),(4,'hive.localize.resource.num.wait.attempts','5'),(4,'hive.lock.manager','org.apache.hadoop.hive.ql.lockmgr.zookeeper.ZooKeeperHiveLockManager'),(4,'hive.lock.mapred.only.operation','false'),(4,'hive.lock.numretries','100'),(4,'hive.lock.sleep.between.retries','15'),(4,'hive.lockmgr.zookeeper.default.partition.name','__HIVE_DEFAULT_ZOOKEEPER_PARTITION__'),(4,'hive.log.explain.output','false'),(4,'hive.log.sql.truncate','8388608'),(4,'hive.map.aggr','true'),(4,'hive.map.aggr.hash.force.flush.memory.threshold','0.9'),(4,'hive.map.aggr.hash.min.reduction','0.5'),(4,'hive.map.aggr.hash.percentmemory','0.4'),(4,'hive.map.groupby.sorted','false'),(4,'hive.map.groupby.sorted.testmode','false'),(4,'hive.mapjoin.bucket.cache.size','100'),(4,'hive.mapjoin.check.memory.rows','100000'),(4,'hive.mapjoin.followby.gby.localtask.max.memory.usage','0.55'),(4,'hive.mapjoin.followby.map.aggr.hash.percentmemory','0.3'),(4,'hive.mapjoin.lazy.hashtable','true'),(4,'hive.mapjoin.localtask.max.memory.usage','0.9'),(4,'hive.mapjoin.optimized.hashtable','true'),(4,'hive.mapjoin.optimized.hashtable.wbsize','10485760'),(4,'hive.mapjoin.optimized.keys','true'),(4,'hive.mapjoin.smalltable.filesize','25000000'),(4,'hive.mapper.cannot.span.multiple.partitions','false'),(4,'hive.mapred.local.mem','0'),(4,'hive.mapred.mode','nonstrict'),(4,'hive.mapred.partitioner','org.apache.hadoop.hive.ql.io.DefaultHivePartitioner'),(4,'hive.mapred.reduce.tasks.speculative.execution','true'),(4,'hive.mapred.supports.subdirectories','false'),(4,'hive.materializedview.fileformat','ORC'),(4,'hive.materializedview.serde','org.apache.hadoop.hive.ql.io.orc.OrcSerde'),(4,'hive.max.allowed.repeated.deadlocks','10'),(4,'hive.max.partition.locks.per.table','3'),(4,'hive.max.show.compactions','10000'),(4,'hive.merge.current.job.concatenate.list.bucketing','true'),(4,'hive.merge.current.job.concatenate.list.bucketing.depth','0'),(4,'hive.merge.current.job.has.dynamic.partitions','false'),(4,'hive.merge.input.format.block.level','org.apache.hadoop.hive.ql.io.rcfile.merge.RCFileBlockMergeInputFormat'),(4,'hive.merge.mapfiles','true'),(4,'hive.merge.mapredfiles','false'),(4,'hive.merge.nway.joins','true'),(4,'hive.merge.orcfile.stripe.level','true'),(4,'hive.merge.rcfile.block.level','true'),(4,'hive.merge.size.per.task','256000000'),(4,'hive.merge.smallfiles.avgsize','16000000'),(4,'hive.metadata.move.exported.metadata.to.trash','true'),(4,'hive.metastore.archive.intermediate.archived','_INTERMEDIATE_ARCHIVED'),(4,'hive.metastore.archive.intermediate.extracted','_INTERMEDIATE_EXTRACTED'),(4,'hive.metastore.archive.intermediate.original','_INTERMEDIATE_ORIGINAL'),(4,'hive.metastore.authorization.storage.checks','false'),(4,'hive.metastore.batch.retrieve.max','300'),(4,'hive.metastore.batch.retrieve.table.partition.max','1000'),(4,'hive.metastore.cache.pinobjtypes','Table,StorageDescriptor,SerDeInfo,Partition,Database,Type,FieldSchema,Order'),(4,'hive.metastore.client.connect.retry.delay','1'),(4,'hive.metastore.client.socket.timeout','600'),(4,'hive.metastore.connect.retries','3'),(4,'hive.metastore.direct.sql.batch.size','0'),(4,'hive.metastore.disallow.incompatible.col.type.changes','false'),(4,'hive.metastore.ds.retry.attempts','1'),(4,'hive.metastore.event.clean.freq','0'),(4,'hive.metastore.event.db.listener.timetolive','86400'),(4,'hive.metastore.event.expiry.duration','0'),(4,'hive.metastore.event.listeners','io.transwarp.guardian.plugins.inceptor.GuardianMetaStoreListener,io.transwarp.guardian.binding.metastore.GuardianMetaStoreNotificationLogListener'),(4,'hive.metastore.execute.setugi','true'),(4,'hive.metastore.expression.proxy','org.apache.hadoop.hive.ql.optimizer.ppr.PartitionExpressionForMetastore'),(4,'hive.metastore.failure.retries','1'),(4,'hive.metastore.filter.hook','org.apache.hadoop.hive.metastore.DefaultMetaStoreFilterHookImpl'),(4,'hive.metastore.force.reload.conf','false'),(4,'hive.metastore.fs.handler.class','org.apache.hadoop.hive.metastore.HiveMetaStoreFsImpl'),(4,'hive.metastore.integral.jdo.pushdown','false'),(4,'hive.metastore.kerberos.keytab.file','/etc/inceptor1/conf/inceptor.keytab'),(4,'hive.metastore.kerberos.principal','hive/_HOST@TDH'),(4,'hive.metastore.orm.retrieveMapNullsAsEmptyStrings','false'),(4,'hive.metastore.rawstore.impl','org.apache.hadoop.hive.metastore.ObjectStore'),(4,'hive.metastore.sasl.enabled','true'),(4,'hive.metastore.schema.verification','false'),(4,'hive.metastore.server.max.message.size','104857600'),(4,'hive.metastore.server.max.threads','1000'),(4,'hive.metastore.server.min.threads','200'),(4,'hive.metastore.server.tcp.keepalive','true'),(4,'hive.metastore.thrift.compact.protocol.enabled','false'),(4,'hive.metastore.thrift.framed.transport.enabled','false'),(4,'hive.metastore.try.direct.sql','true'),(4,'hive.metastore.try.direct.sql.ddl','true'),(4,'hive.metastore.uris','thrift://node546:9083,thrift://node545:9083'),(4,'hive.metastore.warehouse.dir','hdfs://nameservice1/inceptor1/user/hive/warehouse'),(4,'hive.multi.insert.move.tasks.share.dependencies','false'),(4,'hive.multigroupby.singlereducer','true'),(4,'hive.new.job.grouping.set.cardinality','30'),(4,'hive.optimize.bucketingsorting','false'),(4,'hive.optimize.bucketmapjoin','false'),(4,'hive.optimize.bucketmapjoin.sortedmerge','false'),(4,'hive.optimize.constant.folding.join','true'),(4,'hive.optimize.constant.propagation','true'),(4,'hive.optimize.constant.propagation.join','true'),(4,'hive.optimize.correlation','false'),(4,'hive.optimize.cp','true'),(4,'hive.optimize.distinct.rewrite','true'),(4,'hive.optimize.dynamic.partition.insert','true'),(4,'hive.optimize.dynamic.partition.insert.cluster.by.random','false'),(4,'hive.optimize.dynamic.partition.insert.column.check','nonstrict'),(4,'hive.optimize.dynamic.partition.insert.order.override','false'),(4,'hive.optimize.dynamic.partition.insert.partition.override','false'),(4,'hive.optimize.dynamic.partition.insert.supported.table.only','true'),(4,'hive.optimize.filter.stats.reduction','false'),(4,'hive.optimize.groupby','true'),(4,'hive.optimize.index.autoupdate','false'),(4,'hive.optimize.index.filter','false'),(4,'hive.optimize.index.filter.compact.maxsize','-1'),(4,'hive.optimize.index.filter.compact.minsize','5368709120'),(4,'hive.optimize.index.groupby','false'),(4,'hive.optimize.limittranspose','false'),(4,'hive.optimize.limittranspose.reductionpercentage','1.0'),(4,'hive.optimize.limittranspose.reductiontuples','0'),(4,'hive.optimize.listbucketing','false'),(4,'hive.optimize.local.orderby.enabled','false'),(4,'hive.optimize.metadataonly','true'),(4,'hive.optimize.multigroupby.common.distincts','true'),(4,'hive.optimize.partial.ppd','true'),(4,'hive.optimize.point.lookup','true'),(4,'hive.optimize.point.lookup.min','31'),(4,'hive.optimize.ppd','true'),(4,'hive.optimize.ppd.storage','true'),(4,'hive.optimize.ppd.windowing','true'),(4,'hive.optimize.readcolumn','true'),(4,'hive.optimize.reducededuplication','false'),(4,'hive.optimize.reducededuplication.min.reducer','4'),(4,'hive.optimize.sampling.orderby','false'),(4,'hive.optimize.sampling.orderby.number','1000'),(4,'hive.optimize.sampling.orderby.percent','0.1'),(4,'hive.optimize.skewjoin','false'),(4,'hive.optimize.skewjoin.compiletime','false'),(4,'hive.optimize.sort.dynamic.partition','false'),(4,'hive.optimize.union.remove','false'),(4,'hive.orc.cache.stripe.details.size','0'),(4,'hive.orc.compute.splits.num.threads','10'),(4,'hive.orc.row.index.stride.dictionary.check','true'),(4,'hive.orc.splits.include.file.footer','false'),(4,'hive.orderby.position.alias','true'),(4,'hive.outerjoin.supports.filters','true'),(4,'hive.parquet.timestamp.skip.conversion','true'),(4,'hive.part.as.hyperbase.table','true'),(4,'hive.plan.serialization.format','kryo'),(4,'hive.ppd.recognizetransivity','true'),(4,'hive.ppd.remove.duplicatefilters','true'),(4,'hive.ppd.remove.partialfilters','true'),(4,'hive.ppd.subquery.reducesink','true'),(4,'hive.ppd.subqueryfilter','true'),(4,'hive.query.result.fileformat','TextFile'),(4,'hive.query.user','hive'),(4,'hive.query.user.passthrough','false'),(4,'hive.querylog.enable.plan.progress','true'),(4,'hive.querylog.location','/tmp/hive'),(4,'hive.querylog.plan.progress.interval','60000'),(4,'hive.reducer.control.enable','true'),(4,'hive.reducer.control.min.ratio.common','0.2'),(4,'hive.reducer.control.min.ratio.gby','0.5'),(4,'hive.reducer.control.partfilter.addedvalue','0.5'),(4,'hive.resultset.use.unique.column.names','false'),(4,'hive.rework.mapredwork','false'),(4,'hive.rewrite.oscd','true'),(4,'hive.rpc.query.plan','false'),(4,'hive.rpp.show.results','false'),(4,'hive.sample.seednumber','0'),(4,'hive.scratch.dir.permission','711'),(4,'hive.scratch.dir.root.permission','777'),(4,'hive.script.auto.progress','false'),(4,'hive.script.operator.id.env.var','HIVE_SCRIPT_OPERATOR_ID'),(4,'hive.script.operator.truncate.env','false'),(4,'hive.script.recordreader','org.apache.hadoop.hive.ql.exec.TextRecordReader'),(4,'hive.script.recordwriter','org.apache.hadoop.hive.ql.exec.TextRecordWriter'),(4,'hive.script.serde','org.apache.hadoop.hive.serde2.lazy.LazySimpleSerDe'),(4,'hive.security.authenticator.manager','org.apache.hadoop.hive.ql.security.SessionStateUserAuthenticator'),(4,'hive.security.authorization.enabled','true'),(4,'hive.security.authorization.manager','io.transwarp.guardian.plugins.inceptor.GuardianHiveAuthorizerFactory'),(4,'hive.security.authorization.shared','true'),(4,'hive.security.authorization.sqlstd.confwhitelist','hive\\.auto\\..*|hive\\.cbo\\..*|hive\\.convert\\..*|hive\\.exec\\.dynamic\\.partition.*|hive\\.exec\\..*\\.dynamic\\.partitions\\..*|hive\\.exec\\.compress\\..*|hive\\.exec\\.infer\\..*|hive\\.exec\\.mode.local\\..*|hive\\.exec\\.orc\\..*|hive\\.fetch.task\\..*|hive\\.hbase\\..*|hive\\.index\\..*|hive\\.index\\..*|hive\\.intermediate\\..*|hive\\.join\\..*|hive\\.limit\\..*|hive\\.mapjoin\\..*|hive\\.merge\\..*|hive\\.optimize\\..*|hive\\.orc\\..*|hive\\.outerjoin\\..*|hive\\.ppd\\..*|hive\\.prewarm\\..*|hive\\.skewjoin\\..*|hive\\.smbjoin\\..*|hive\\.stats\\..*|hive\\.vectorized\\..*|mapred\\.map\\..*|mapred\\.reduce\\..*|mapred\\.output\\.compression\\.codec|mapreduce\\.job\\.reduce\\.slowstart\\.completedmaps|mapreduce\\.job\\.queuename|mapreduce\\.input\\.fileinputformat\\.split\\.minsize|mapreduce\\.map\\..*|mapreduce\\.reduce\\..*|tez\\.am\\..*|tez\\.task\\..*|tez\\.runtime\\..*|hive\\.exec\\.reducers\\.bytes\\.per\\.reducer|hive\\.client\\.stats\\.counters|hive\\.exec\\.default\\.partition\\.name|hive\\.exec\\.drop\\.ignorenonexistent|hive\\.counters\\.group\\.name|hive\\.enforce\\.bucketing|hive\\.enforce\\.bucketmapjoin|hive\\.enforce\\.sorting|hive\\.enforce\\.sortmergebucketmapjoin|hive\\.cache\\.expr\\.evaluation|hive\\.groupby\\.skewindata|hive\\.hashtable\\.loadfactor|hive\\.hashtable\\.initialCapacity|hive\\.ignore\\.mapjoin\\.hint|hive\\.limit\\.row\\.max\\.size|hive\\.mapred\\.mode|hive\\.map\\.aggr|ngmr\\.using\\.stats|hive\\.exec\\.rowoffset|hive\\.variable\\.substitute|hive\\.variable\\.substitute\\.depth|hive\\.autogen\\.columnalias\\.prefix\\.includefuncname|hive\\.autogen\\.columnalias\\.prefix\\.label|hive\\.exec\\.check\\.crossproducts|hive\\.compat|hive\\.exec\\.concatenate\\.check\\.index|hive\\.display\\.partition\\.cols\\.separately|hive\\.error\\.on\\.empty\\.partition|hive\\.execution\\.engine|hive\\.exim\\.uri\\.scheme\\.whitelist|hive\\.file\\.max\\.footer|hive\\.mapred\\.supports\\.subdirectories|hive\\.insert\\.into\\.multilevel\\.dirs|hive\\.localize\\.resource\\.num\\.wait\\.attempts|hive\\.multi\\.insert\\.move\\.tasks\\.share\\.dependencies|hive\\.support\\.quoted\\.identifiers|hive\\.resultset\\.use\\.unique\\.column\\.names|hive\\.analyze\\.stmt\\.collect\\.partlevel\\.stats|hive\\.exec\\.job\\.debug\\.capture\\.stacktraces|hive\\.exec\\.job\\.debug\\.timeout|hive\\.exec\\.max\\.created\\.files|hive\\.exec\\.reducers\\.max|hive\\.output\\.file\\.extension|hive\\.exec\\.show\\.job\\.failure\\.debug\\.info|hive\\.exec\\.tasklog\\.debug\\.timeout'),(4,'hive.security.authorization.task.factory','org.apache.hadoop.hive.ql.parse.authorization.HiveAuthorizationTaskFactoryImpl'),(4,'hive.security.command.whitelist','set,reset,dfs,add,deleteres,compile,stop,start,list,recoverstreamjobs'),(4,'hive.security.metastore.authenticator.manager','org.apache.hadoop.hive.ql.security.HadoopDefaultMetastoreAuthenticator'),(4,'hive.security.metastore.authorization.auth.reads','true'),(4,'hive.security.metastore.authorization.manager','org.apache.hadoop.hive.ql.security.authorization.DefaultHiveMetastoreAuthorizationProvider'),(4,'hive.select.merge.duplicate.column','false'),(4,'hive.serdes.using.metastore.for.schema','org.apache.hadoop.hive.ql.io.orc.OrcSerde,org.apache.hadoop.hive.serde2.lazy.LazySimpleSerDe,org.apache.hadoop.hive.serde2.columnar.ColumnarSerDe,org.apache.hadoop.hive.serde2.dynamic_type.DynamicSerDe,org.apache.hadoop.hive.serde2.MetadataTypedColumnsetSerDe,org.apache.hadoop.hive.serde2.columnar.LazyBinaryColumnarSerDe,org.apache.hadoop.hive.ql.io.parquet.serde.ParquetHiveSerDe,org.apache.hadoop.hive.serde2.lazybinary.LazyBinarySerDe,org.apache.hadoop.hive.serde.thrift.columnsetSerDe,io.transwarp.inceptor.memstore2.LazySimpleSerDeWrapper,org.apache.hadoop.hive.ql.io.csv.serde.CSVSerde,io.transwarp.hyperdrive.serde.HyperdriveSerDe,org.apache.hadoop.hive.ql.io.fwc.serde.FWCSerde,io.transwarp.esdrive.serde.ElasticSearchSerDe,io.transwarp.hyperbase.HyperbaseSerDe,org.apache.hadoop.hive.hbase.HBaseSerDe'),(4,'hive.server.read.socket.timeout','10'),(4,'hive.server.tcp.keepalive','true'),(4,'hive.server2.allow.user.substitution','true'),(4,'hive.server2.async.exec.keepalive.time','10'),(4,'hive.server2.async.exec.shutdown.timeout','10'),(4,'hive.server2.async.exec.threads','100'),(4,'hive.server2.async.exec.wait.queue.size','100'),(4,'hive.server2.authentication','KERBEROS'),(4,'hive.server2.authentication.cas.acceptAnyProxy','true'),(4,'hive.server2.authentication.cas.allow.proxy','true'),(4,'hive.server2.authentication.cas.enabled','true'),(4,'hive.server2.authentication.cas.prefix','https://node546:8393/cas'),(4,'hive.server2.authentication.guardian.token.api','/api/v1/verifyAccessToken'),(4,'hive.server2.authentication.guardian.token.enabled','true'),(4,'hive.server2.authentication.guardian.url','https://node546:8380 https://node545:8380'),(4,'hive.server2.authentication.kerberos.keytab','/etc/inceptor1/conf/inceptor.keytab'),(4,'hive.server2.authentication.kerberos.principal','hive/_HOST@TDH'),(4,'hive.server2.client.so.timeout','true'),(4,'hive.server2.enable.doAs','false'),(4,'hive.server2.enabled','true'),(4,'hive.server2.hostname','node547'),(4,'hive.server2.idle.operation.timeout','28800000'),(4,'hive.server2.idle.plsql.operation.timeout','0'),(4,'hive.server2.idle.session.timeout','14400000'),(4,'hive.server2.logging.operation.enabled','false'),(4,'hive.server2.logging.operation.log.location','/tmp/null/operation_logs'),(4,'hive.server2.logging.operation.verbose','false'),(4,'hive.server2.long.polling.timeout','5000'),(4,'hive.server2.map.fair.scheduler.queue','true'),(4,'hive.server2.max.start.attempts','30'),(4,'hive.server2.session.abandon.threshold','172800'),(4,'hive.server2.session.check.interval','60000'),(4,'hive.server2.table.type.mapping','CLASSIC'),(4,'hive.server2.thrift.exponential.backoff.slot.length','100'),(4,'hive.server2.thrift.http.max.idle.time','1800'),(4,'hive.server2.thrift.http.max.worker.threads','500'),(4,'hive.server2.thrift.http.min.worker.threads','5'),(4,'hive.server2.thrift.http.path','cliservice'),(4,'hive.server2.thrift.http.port','10001'),(4,'hive.server2.thrift.http.worker.keepalive.time','60'),(4,'hive.server2.thrift.login.timeout','20'),(4,'hive.server2.thrift.max.message.size','104857600'),(4,'hive.server2.thrift.max.worker.threads','500'),(4,'hive.server2.thrift.min.worker.threads','5'),(4,'hive.server2.thrift.port','10000'),(4,'hive.server2.thrift.sasl.qop','auth'),(4,'hive.server2.thrift.worker.keepalive.time','60'),(4,'hive.server2.token.rest.client.connection.timeout','5000'),(4,'hive.server2.token.rest.client.max.conns.per.route','20'),(4,'hive.server2.token.rest.client.max.conns.total','20'),(4,'hive.server2.token.rest.client.socket.timeout','10000'),(4,'hive.server2.transport.mode','binary'),(4,'hive.server2.use.SSL','false'),(4,'hive.server2.zookeeper.namespace','hiveserver2'),(4,'hive.service.id','inceptor1'),(4,'hive.service.type','INCEPTOR'),(4,'hive.session.history.enabled','false'),(4,'hive.session.silent','false'),(4,'hive.show.rowcount','true'),(4,'hive.skewjoin.key','100000'),(4,'hive.skewjoin.mapjoin.map.tasks','10000'),(4,'hive.skewjoin.mapjoin.min.split','33554432'),(4,'hive.smbjoin.cache.rows','10000'),(4,'hive.ssl.protocol.blacklist','SSLv2,SSLv3'),(4,'hive.stageid.rearrange','none'),(4,'hive.start.cleanup.scratchdir','false'),(4,'hive.stats.atomic','false'),(4,'hive.stats.autogather','false'),(4,'hive.stats.collect.rawdatasize','true'),(4,'hive.stats.collect.scancols','false'),(4,'hive.stats.collect.tablekeys','false'),(4,'hive.stats.dbclass','fs'),(4,'hive.stats.dbconnectionstring','jdbc:mysql://node547:3316,node545:3316,node546:3316/metastore_inceptor1?createDatabaseIfNotExist=true&user=inceptoruser&password=password&characterEncoding=UTF-8&failOverReadOnly=false'),(4,'hive.stats.deserialization.factor','1.0'),(4,'hive.stats.fetch.column.stats','false'),(4,'hive.stats.fetch.partition.stats','true'),(4,'hive.stats.join.factor','1.1'),(4,'hive.stats.key.prefix','true'),(4,'hive.stats.key.prefix.max.length','150'),(4,'hive.stats.key.prefix.reserve.length','24'),(4,'hive.stats.list.num.entries','10'),(4,'hive.stats.map.num.entries','10'),(4,'hive.stats.map.parallelism','1'),(4,'hive.stats.max.variable.length','100'),(4,'hive.stats.reliable','false'),(4,'hive.stats.retries.wait','3000'),(4,'hive.support.concurrency','false'),(4,'hive.support.quoted.identifiers','column'),(4,'hive.support.subquery.join.conversion.count','false'),(4,'hive.task.progress','false'),(4,'hive.test.authz.sstd.hs2.mode','false'),(4,'hive.test.mode','false'),(4,'hive.test.mode.prefix','test_'),(4,'hive.test.mode.samplefreq','32'),(4,'hive.transform.escape.input','false'),(4,'hive.transpose.aggr.join','false'),(4,'hive.txn.manager','org.apache.hadoop.hive.ql.lockmgr.DummyTxnManager'),(4,'hive.txn.max.open.batch','1000'),(4,'hive.txn.timeout','300000'),(4,'hive.typecheck.on.insert','true'),(4,'hive.udf.codegen','true'),(4,'hive.udf.cse','false'),(4,'hive.udtf.auto.progress','false'),(4,'hive.unlock.numretries','10'),(4,'hive.update.subquery.left.join.enabled','false'),(4,'hive.users.in.admin.role','hive,hue'),(4,'hive.variable.substitute','true'),(4,'hive.variable.substitute.depth','40'),(4,'hive.vectorized.groupby.checkinterval','100000'),(4,'hive.vectorized.groupby.flush.percent','0.1'),(4,'hive.vectorized.groupby.maxentries','1000000'),(4,'hive.warehouse.subdir.inherit.perms','true'),(4,'hive.window.iterator.directly','false'),(4,'hive.window.spill.size','10000'),(4,'hive.yarn.queue','default'),(4,'hive.zookeeper.clean.extra.nodes','false'),(4,'hive.zookeeper.client.port','2181'),(4,'hive.zookeeper.connection.basesleeptime','1000'),(4,'hive.zookeeper.connection.max.retries','3'),(4,'hive.zookeeper.namespace','hive_zookeeper_namespace'),(4,'hive.zookeeper.quorum','node545,node546,node547'),(4,'hive.zookeeper.sequence.namespace','/hive/sequence'),(4,'hive.zookeeper.session.timeout','1200000'),(4,'holodesk.transaction.timeout','100'),(4,'holodesk.wait.for.commit.finish','true'),(4,'holodesk.waitlock.timeout','-1'),(4,'holodesk.zookeeper.quorum','node545,node546,node547'),(4,'hyperbase.auto.flush','false'),(4,'hyperbase.bigint.transform','false'),(4,'hyperbase.bulkload.enable','false'),(4,'hyperbase.bulkload.hyperbase.table','false'),(4,'hyperbase.cacheblocks','true'),(4,'hyperbase.esasstorage','true'),(4,'hyperbase.fill.null.enable','false'),(4,'hyperbase.global.lookup.join','false'),(4,'hyperbase.htrace.enabled','true'),(4,'hyperbase.integer.transform','false'),(4,'hyperbase.keepnullcolumn','true'),(4,'hyperbase.lookahead','1'),(4,'hyperbase.map.tasks','0'),(4,'hyperbase.needtotalhints','false'),(4,'hyperbase.parallelscan','true'),(4,'hyperbase.predicate.cbo','io.transwarp.hyperbase.predicate.cbo.PredicateCBOImpl'),(4,'hyperbase.predicate.cbo.alg','championship'),(4,'hyperbase.predicate.cbo.enable','false'),(4,'hyperbase.predicate.rbo','io.transwarp.hyperbase.rbo.PredicateRBOImpl'),(4,'hyperbase.predicate.rbo.enable','false'),(4,'hyperbase.pretreatment.conf.keys','false'),(4,'hyperbase.reader','false'),(4,'hyperbase.reader.autoflush','false'),(4,'hyperbase.reader.split.size','134217728'),(4,'hyperbase.rowkey.delim','2'),(4,'hyperbase.rowkey.delim.index','0'),(4,'hyperbase.searchsize','50'),(4,'hyperbase.split','false'),(4,'hyperbase.split.size','1073741824'),(4,'hyperbase.subsplit.size','134217728'),(4,'hyperbase.transactionmanager','org.apache.hadoop.hive.hbase.transaction.TransactionManager'),(4,'hyperbase.use.meta.cache','true'),(4,'hyperbase.usescroll','true'),(4,'hyperdrive.data.corrupt.ignored','false'),(4,'hyperdrive.decimal.pushdown','true'),(4,'hyperdrive.double.pushdown','true'),(4,'hyperdrive.float.pushdown','true'),(4,'hyperdrive.index.autoselect','true'),(4,'inceptor.accept.system.task','true'),(4,'inceptor.acid.reader.mode','0'),(4,'inceptor.calcite.insert.enable','true'),(4,'inceptor.calcite.optimizer.enable','true'),(4,'inceptor.calcite.subquery.non.correlated','true'),(4,'inceptor.calcite.subquery.withas','false'),(4,'inceptor.cbo.combine.hint.enable','true'),(4,'inceptor.cbo.costmodel.bigtable.rowcount.threshold','10000000'),(4,'inceptor.cbo.costmodel.bucketjoin.costfactor','1.0'),(4,'inceptor.cbo.costmodel.commonjoin.costfactor','8.0'),(4,'inceptor.cbo.costmodel.cpu','0.000001'),(4,'inceptor.cbo.costmodel.extended','false'),(4,'inceptor.cbo.costmodel.forcemj.costfactor','0.8'),(4,'inceptor.cbo.costmodel.hdfs.read','1.5'),(4,'inceptor.cbo.costmodel.hdfs.write','10.0'),(4,'inceptor.cbo.costmodel.local.fs.read','4.0'),(4,'inceptor.cbo.costmodel.local.fs.write','4.0'),(4,'inceptor.cbo.costmodel.mapjoin.costfactor','1.0'),(4,'inceptor.cbo.costmodel.network','150.0'),(4,'inceptor.cbo.costmodel.partmj.costfactor','0.6'),(4,'inceptor.cbo.costmodel.smalltable.rowcount.threshold','100000'),(4,'inceptor.cbo.enable','false'),(4,'inceptor.cbo.joincount.min','2'),(4,'inceptor.cbo.mdprovider.extended','false'),(4,'inceptor.cbo.outer.inner.reorder','true'),(4,'inceptor.cbo.outerjoin.conversion','true'),(4,'inceptor.cbo.part.join.pushdown','true'),(4,'inceptor.cbo.returnpath.hiveop','false'),(4,'inceptor.cbo.rowbased.dim.mapjoin','true'),(4,'inceptor.cbo.rowbased.mapjoin','false'),(4,'inceptor.cbo.rowbased.subq.mapjoin','false'),(4,'inceptor.cbo.selectop.remove','true'),(4,'inceptor.cbo.sqlblocker.rowcount.threshold','-1'),(4,'inceptor.cbo.stats.integrity','true'),(4,'inceptor.cbo.withas.reorder','true'),(4,'inceptor.conf.validation','true'),(4,'inceptor.convert.subq.to.mapjoin','true'),(4,'inceptor.crud.strict.check','true'),(4,'inceptor.cube.ndv.relativesd','0.05'),(4,'inceptor.cube.segment.pruner','true'),(4,'inceptor.data.audit','false'),(4,'inceptor.data.audit.statement','false'),(4,'inceptor.data.type.conversion.check','false'),(4,'inceptor.date.show.time','true'),(4,'inceptor.decflt.rounding','round_half_up'),(4,'inceptor.decimal.display.padding.zero','dialect'),(4,'inceptor.decimal.null.check','false'),(4,'inceptor.decimal.textfile.padding.zero','false'),(4,'inceptor.delete','false'),(4,'inceptor.deploy.zookeeper.quorum','localhost:2181'),(4,'inceptor.enable.temptable.crud','true'),(4,'inceptor.error.table.bucketing','false'),(4,'inceptor.error.table.bucketsize','29'),(4,'inceptor.evaluate.datetime.runtime','false'),(4,'inceptor.floating.scale.decimal','false'),(4,'inceptor.fwc.ignore.invalid.char','false'),(4,'inceptor.in.conversion.threadhold','10'),(4,'inceptor.infilter.size','100000'),(4,'inceptor.insert.data.format.check','false'),(4,'inceptor.insert.type.conversion','true'),(4,'inceptor.iso.column.pruner','true'),(4,'inceptor.iso.column.pruner.collect.ref','false'),(4,'inceptor.iso.dead.temptable.remove','true'),(4,'inceptor.iso.enable','true'),(4,'inceptor.iso.temptable.inline','true'),(4,'inceptor.join.discardnull','true'),(4,'inceptor.managed.table.drop.enabled','true'),(4,'inceptor.managed.table.location.enabled','true'),(4,'inceptor.mapjoin.array','true'),(4,'inceptor.mapjoin.arraysize','1000000'),(4,'inceptor.mapjoin.filter','false'),(4,'inceptor.materialized.views.cache.type','LRU'),(4,'inceptor.maxinlistcount.threshold','100000'),(4,'inceptor.maxjoincount.threshold','100'),(4,'inceptor.maxunioncount.threshold','1000'),(4,'inceptor.mbo.approx.ndv','true'),(4,'inceptor.mbo.compatibility.log','0.6'),(4,'inceptor.mbo.cube.metacache','true'),(4,'inceptor.mbo.enable','false'),(4,'inceptor.mbo.for.cube','false'),(4,'inceptor.mbo.for.naive.mv','false'),(4,'inceptor.mbo.ignore.mvquery.schema','false'),(4,'inceptor.mbo.join.rewriter.version','v2'),(4,'inceptor.mbo.log.verbose','false'),(4,'inceptor.mbo.max.cached.mvs','500'),(4,'inceptor.mbo.merge.aggregate','false'),(4,'inceptor.mbo.pre.load.cube.number','0'),(4,'inceptor.mbo.pre.load.mv.number','0'),(4,'inceptor.mbo.pre.load.prior','cube'),(4,'inceptor.mbo.rewrite.greedy','true'),(4,'inceptor.mbo.rewrite.scalar.subquery','false'),(4,'inceptor.merge.discardnull','true'),(4,'inceptor.metastore.table.location.compatible','false'),(4,'inceptor.nls_sort','binary'),(4,'inceptor.nonnative.table.meta.refresh','false'),(4,'inceptor.notnull.audit','false'),(4,'inceptor.offlineiso.cbo.preanalyze','false'),(4,'inceptor.offlineiso.cbo.preanalyze.level','column'),(4,'inceptor.offlineiso.close.manually','true'),(4,'inceptor.offlineiso.enabled','false'),(4,'inceptor.offlineiso.resultfile.dir','/tmp/isoResultFile'),(4,'inceptor.offlineiso.showorgsqlline','true'),(4,'inceptor.onlineiso.enabled','true'),(4,'inceptor.onlineiso.withas.cache.enabled','false'),(4,'inceptor.onlineiso.withas.cache.maxnum','20'),(4,'inceptor.onlineiso.withas.filterppd.enabled','true'),(4,'inceptor.optimize.intersect.groupby.pushdown','false'),(4,'inceptor.optimize.joinreorder','true'),(4,'inceptor.optimize.joinreorder.bushy','false'),(4,'inceptor.optimize.joinreorder.outerinner','false'),(4,'inceptor.optimize.outerjoin.conversion','true'),(4,'inceptor.optimized.merge','true'),(4,'inceptor.optimizer.on','false'),(4,'inceptor.outer.limit.eliminate','true'),(4,'inceptor.parser.genselcol.lightway','true'),(4,'inceptor.parser.heuristic.join.reorder','true'),(4,'inceptor.permanent.udf.enable','true'),(4,'inceptor.ppd.ice','true'),(4,'inceptor.predicate.pushdown','true'),(4,'inceptor.rebucketing.enable','false'),(4,'inceptor.rewrite.escape.identifier','true'),(4,'inceptor.scheduler.enabled','false'),(4,'inceptor.select.distinct.group.by.enabled','false'),(4,'inceptor.select.list.cse.enabled','false'),(4,'inceptor.select.list.cse.group.by.alias.support','false'),(4,'inceptor.select.list.cse.non.group.by.support','true'),(4,'inceptor.select.list.cse.occurrence.number.threshold','3'),(4,'inceptor.select.list.cse.weight.threshold','5'),(4,'inceptor.server2.support.dynamic.service.discovery','true'),(4,'inceptor.set.operation.commutative.law','false'),(4,'inceptor.simple.updel.optimize','false'),(4,'inceptor.singleinsert','false'),(4,'inceptor.skip.optimizer','false'),(4,'inceptor.sql.show.maxlength','1024'),(4,'inceptor.stats.ndv.error','20.0'),(4,'inceptor.stats.ndv.estimator','HLL'),(4,'inceptor.stats.ndv.relativesd','0.05'),(4,'inceptor.strict.evaluate','false'),(4,'inceptor.strict.subquery.check','false'),(4,'inceptor.subq.orderby.eliminate','true'),(4,'inceptor.support.english.date.format','true'),(4,'inceptor.throw.zero.divisor.exception','false'),(4,'inceptor.torc.allow.rename','false'),(4,'inceptor.transactions.batchsize','1'),(4,'inceptor.udafdistinct.groupby.conversion','false'),(4,'inceptor.udf.compatible.with.oracle','false'),(4,'inceptor.udf.v2.enabled','false'),(4,'inceptor.ui.port','4040'),(4,'inceptor.update','false'),(4,'inceptor.whereinexists.semijoin','false'),(4,'inceptor.winfunc.max.partition.num','1000'),(4,'inceptor.winfunc.predicate.pushdown','true'),(4,'inceptor.winfunc.topk.enabled','true'),(4,'inceptor.withas.material','true'),(4,'inceptor.withas.resultcache.enabled','false'),(4,'io.compression.codec.bzip2.library','system-native'),(4,'io.file.buffer.size','4096'),(4,'io.map.index.interval','128'),(4,'io.map.index.skip','0'),(4,'io.mapfile.bloom.error.rate','0.005'),(4,'io.mapfile.bloom.size','1048576'),(4,'io.native.lib.available','true'),(4,'io.seqfile.compress.blocksize','1000000'),(4,'io.seqfile.lazydecompress','true'),(4,'io.seqfile.local.dir','${hadoop.tmp.dir}/io/local'),(4,'io.seqfile.sorter.recordlimit','1000000'),(4,'io.serializations','org.apache.hadoop.io.serializer.WritableSerialization,org.apache.hadoop.io.serializer.avro.AvroSpecificSerialization,org.apache.hadoop.io.serializer.avro.AvroReflectSerialization'),(4,'io.skip.checksum.errors','false'),(4,'io.transwarp.messagehandler.aggregation.enabled','true'),(4,'io.transwarp.messagehandler.debugmode.enabled','false'),(4,'io.transwarp.messagehandler.jobexpire.maxtime','100'),(4,'io.transwarp.messagehandler.jobqueue.maxsize','100'),(4,'io.transwarp.messagehandler.metrics.enabled','true'),(4,'io.transwarp.messagehandler.sampling.rate','1'),(4,'io.transwarp.messagehandler.scope.maxsize','100'),(4,'io.transwarp.messagehandler.sequence.enabled','true'),(4,'io.transwarp.messagehandler.sequence.maxsize','100'),(4,'ipc.client.connect.max.retries','10'),(4,'ipc.client.connect.max.retries.on.timeouts','45'),(4,'ipc.client.connect.retry.interval','1000'),(4,'ipc.client.connect.timeout','20000'),(4,'ipc.client.connection.maxidletime','10000'),(4,'ipc.client.fallback-to-simple-auth-allowed','false'),(4,'ipc.client.idlethreshold','4000'),(4,'ipc.client.kill.max','10'),(4,'ipc.maximum.data.length','67108864'),(4,'ipc.server.listen.queue.size','128'),(4,'ipc.server.log.slow.rpc','false'),(4,'ipc.server.max.connections','0'),(4,'javax.jdo.option.ConnectionDriverName','com.mysql.jdbc.Driver'),(4,'javax.jdo.option.ConnectionPassword','password'),(4,'javax.jdo.option.ConnectionURL','jdbc:mysql://node547:3316,node545:3316,node546:3316/metastore_inceptor1?failOverReadOnly=false&createDatabaseIfNotExist=false&characterEncoding=UTF-8'),(4,'javax.jdo.option.ConnectionUserName','inceptoruser'),(4,'javax.jdo.option.DetachAllOnCommit','true'),(4,'javax.jdo.option.Multithreaded','true'),(4,'javax.jdo.option.NonTransactionalRead','true'),(4,'javax.jdo.PersistenceManagerFactoryClass','org.datanucleus.api.jdo.JDOPersistenceManagerFactory'),(4,'license.zookeeper.quorum','node545:2291,node546:2291,node547:2291'),(4,'map.sort.class','org.apache.hadoop.util.QuickSort'),(4,'mapred.child.java.opts','-agentpath:/usr/lib/hadoop/bin/libagent.so -Xmx4096m'),(4,'mapred.graph.reduce.tasks','-1'),(4,'mapred.minreduce.tasks','4'),(4,'mapreduce.am.max-attempts','2'),(4,'mapreduce.app-submission.cross-platform','false'),(4,'mapreduce.client.completion.pollinterval','5000'),(4,'mapreduce.client.output.filter','FAILED'),(4,'mapreduce.client.progressmonitor.pollinterval','1000'),(4,'mapreduce.client.submit.file.replication','10'),(4,'mapreduce.cluster.acls.enabled','false'),(4,'mapreduce.cluster.local.dir','${hadoop.tmp.dir}/mapred/local'),(4,'mapreduce.cluster.temp.dir','${hadoop.tmp.dir}/mapred/temp'),(4,'mapreduce.fileoutputcommitter.algorithm.version','1'),(4,'mapreduce.framework.name','yarn'),(4,'mapreduce.ifile.readahead','true'),(4,'mapreduce.ifile.readahead.bytes','4194304'),(4,'mapreduce.input.fileinputformat.input.dir.recursive','false'),(4,'mapreduce.input.fileinputformat.list-status.num-threads','1'),(4,'mapreduce.input.fileinputformat.split.maxsize','256000000'),(4,'mapreduce.input.fileinputformat.split.minsize','1'),(4,'mapreduce.input.fileinputformat.split.minsize.per.node','1'),(4,'mapreduce.input.fileinputformat.split.minsize.per.rack','1'),(4,'mapreduce.input.lineinputformat.linespermap','1'),(4,'mapreduce.job.acl-modify-job',' '),(4,'mapreduce.job.acl-view-job',' '),(4,'mapreduce.job.classloader','false'),(4,'mapreduce.job.committer.setup.cleanup.needed','true'),(4,'mapreduce.job.complete.cancel.delegation.tokens','true'),(4,'mapreduce.job.counters.max','120'),(4,'mapreduce.job.emit-timeline-data','false'),(4,'mapreduce.job.end-notification.max.attempts','5'),(4,'mapreduce.job.end-notification.max.retry.interval','5000'),(4,'mapreduce.job.end-notification.retry.attempts','0'),(4,'mapreduce.job.end-notification.retry.interval','1000'),(4,'mapreduce.job.finish-when-all-reducers-done','false'),(4,'mapreduce.job.hdfs-servers','${fs.defaultFS}'),(4,'mapreduce.job.jvm.numtasks','1'),(4,'mapreduce.job.map.output.collector.class','org.apache.hadoop.mapred.MapTask$MapOutputBuffer'),(4,'mapreduce.job.maps','1'),(4,'mapreduce.job.max.split.locations','500'),(4,'mapreduce.job.maxtaskfailures.per.tracker','3'),(4,'mapreduce.job.queuename','default'),(4,'mapreduce.job.reduce.shuffle.consumer.plugin.class','org.apache.hadoop.mapreduce.task.reduce.Shuffle'),(4,'mapreduce.job.reduce.slowstart.completedmaps','1'),(4,'mapreduce.job.reducer.preempt.delay.sec','0'),(4,'mapreduce.job.reducer.unconditional-preempt.delay.sec','300'),(4,'mapreduce.job.reduces','-1'),(4,'mapreduce.job.running.map.limit','0'),(4,'mapreduce.job.running.reduce.limit','0'),(4,'mapreduce.job.speculative.minimum-allowed-tasks','10'),(4,'mapreduce.job.speculative.retry-after-no-speculate','1000'),(4,'mapreduce.job.speculative.retry-after-speculate','15000'),(4,'mapreduce.job.speculative.slowtaskthreshold','1.0'),(4,'mapreduce.job.speculative.speculative-cap-running-tasks','0.1'),(4,'mapreduce.job.speculative.speculative-cap-total-tasks','0.01'),(4,'mapreduce.job.split.metainfo.maxsize','10000000'),(4,'mapreduce.job.token.tracking.ids.enabled','false'),(4,'mapreduce.job.ubertask.enable','false'),(4,'mapreduce.job.ubertask.maxmaps','9'),(4,'mapreduce.job.ubertask.maxreduces','1'),(4,'mapreduce.job.userlog.retain.hours','24'),(4,'mapreduce.jobhistory.address','node545:10020'),(4,'mapreduce.jobhistory.admin.acl','*'),(4,'mapreduce.jobhistory.admin.address','0.0.0.0:10033'),(4,'mapreduce.jobhistory.cleaner.enable','true'),(4,'mapreduce.jobhistory.cleaner.interval-ms','86400000'),(4,'mapreduce.jobhistory.client.thread-count','10'),(4,'mapreduce.jobhistory.datestring.cache.size','200000'),(4,'mapreduce.jobhistory.done-dir','${yarn.app.mapreduce.am.staging-dir}/history/done'),(4,'mapreduce.jobhistory.http.policy','HTTP_ONLY'),(4,'mapreduce.jobhistory.intermediate-done-dir','${yarn.app.mapreduce.am.staging-dir}/history/done_intermediate'),(4,'mapreduce.jobhistory.joblist.cache.size','20000'),(4,'mapreduce.jobhistory.keytab','/etc/yarn1/conf/yarn.keytab'),(4,'mapreduce.jobhistory.loadedjobs.cache.size','5'),(4,'mapreduce.jobhistory.max-age-ms','604800000'),(4,'mapreduce.jobhistory.minicluster.fixed.ports','false'),(4,'mapreduce.jobhistory.move.interval-ms','180000'),(4,'mapreduce.jobhistory.move.thread-count','3'),(4,'mapreduce.jobhistory.principal','mapred/_HOST@TDH'),(4,'mapreduce.jobhistory.recovery.enable','false'),(4,'mapreduce.jobhistory.recovery.store.class','org.apache.hadoop.mapreduce.v2.hs.HistoryServerFileSystemStateStoreService'),(4,'mapreduce.jobhistory.recovery.store.fs.uri','${hadoop.tmp.dir}/mapred/history/recoverystore'),(4,'mapreduce.jobhistory.recovery.store.leveldb.path','${hadoop.tmp.dir}/mapred/history/recoverystore'),(4,'mapreduce.jobhistory.webapp.address','node545:19888'),(4,'mapreduce.jobhistory.webapp.spnego-keytab-file','/etc/yarn1/conf/yarn.keytab'),(4,'mapreduce.jobhistory.webapp.spnego-principal','HTTP/_HOST@TDH'),(4,'mapreduce.jobtracker.address','node545:8031,node546:8031'),(4,'mapreduce.jobtracker.expire.trackers.interval','600000'),(4,'mapreduce.jobtracker.handler.count','10'),(4,'mapreduce.jobtracker.heartbeats.in.second','100'),(4,'mapreduce.jobtracker.http.address','0.0.0.0:50030'),(4,'mapreduce.jobtracker.instrumentation','org.apache.hadoop.mapred.JobTrackerMetricsInst'),(4,'mapreduce.jobtracker.jobhistory.block.size','3145728'),(4,'mapreduce.jobtracker.jobhistory.lru.cache.size','5'),(4,'mapreduce.jobtracker.jobhistory.task.numberprogresssplits','12'),(4,'mapreduce.jobtracker.maxtasks.perjob','-1'),(4,'mapreduce.jobtracker.persist.jobstatus.active','true'),(4,'mapreduce.jobtracker.persist.jobstatus.dir','/jobtracker/jobsInfo'),(4,'mapreduce.jobtracker.persist.jobstatus.hours','1'),(4,'mapreduce.jobtracker.restart.recover','false'),(4,'mapreduce.jobtracker.retiredjobs.cache.size','1000'),(4,'mapreduce.jobtracker.staging.root.dir','${hadoop.tmp.dir}/mapred/staging'),(4,'mapreduce.jobtracker.system.dir','${hadoop.tmp.dir}/mapred/system'),(4,'mapreduce.jobtracker.taskcache.levels','2'),(4,'mapreduce.jobtracker.taskscheduler','org.apache.hadoop.mapred.JobQueueTaskScheduler'),(4,'mapreduce.jobtracker.tasktracker.maxblacklists','4'),(4,'mapreduce.local.clientfactory.class.name','org.apache.hadoop.mapred.LocalClientFactory'),(4,'mapreduce.map.cpu.vcores','1'),(4,'mapreduce.map.log.level','INFO'),(4,'mapreduce.map.maxattempts','4'),(4,'mapreduce.map.memory.mb','2048'),(4,'mapreduce.map.output.compress','false'),(4,'mapreduce.map.output.compress.codec','org.apache.hadoop.io.compress.DefaultCodec'),(4,'mapreduce.map.skip.maxrecords','0'),(4,'mapreduce.map.skip.proc.count.autoincr','true'),(4,'mapreduce.map.sort.spill.percent','0.80'),(4,'mapreduce.map.speculative','true'),(4,'mapreduce.output.fileoutputformat.compress','false'),(4,'mapreduce.output.fileoutputformat.compress.codec','org.apache.hadoop.io.compress.DefaultCodec'),(4,'mapreduce.output.fileoutputformat.compress.type','RECORD'),(4,'mapreduce.reduce.cpu.vcores','1'),(4,'mapreduce.reduce.input.buffer.percent','0.0'),(4,'mapreduce.reduce.log.level','INFO'),(4,'mapreduce.reduce.markreset.buffer.percent','0.0'),(4,'mapreduce.reduce.maxattempts','4'),(4,'mapreduce.reduce.memory.mb','1024'),(4,'mapreduce.reduce.merge.inmem.threshold','1000'),(4,'mapreduce.reduce.shuffle.connect.timeout','180000'),(4,'mapreduce.reduce.shuffle.fetch.retry.enabled','${yarn.nodemanager.recovery.enabled}'),(4,'mapreduce.reduce.shuffle.fetch.retry.interval-ms','1000'),(4,'mapreduce.reduce.shuffle.fetch.retry.timeout-ms','30000'),(4,'mapreduce.reduce.shuffle.input.buffer.percent','0.70'),(4,'mapreduce.reduce.shuffle.memory.limit.percent','0.25'),(4,'mapreduce.reduce.shuffle.merge.percent','0.66'),(4,'mapreduce.reduce.shuffle.parallelcopies','5'),(4,'mapreduce.reduce.shuffle.read.timeout','180000'),(4,'mapreduce.reduce.shuffle.retry-delay.max.ms','60000'),(4,'mapreduce.reduce.skip.maxgroups','0'),(4,'mapreduce.reduce.skip.proc.count.autoincr','true'),(4,'mapreduce.reduce.speculative','true'),(4,'mapreduce.shuffle.connection-keep-alive.enable','false'),(4,'mapreduce.shuffle.connection-keep-alive.timeout','5'),(4,'mapreduce.shuffle.listen.queue.size','128'),(4,'mapreduce.shuffle.max.connections','0'),(4,'mapreduce.shuffle.max.threads','0'),(4,'mapreduce.shuffle.port','13562'),(4,'mapreduce.shuffle.ssl.enabled','false'),(4,'mapreduce.shuffle.ssl.file.buffer.size','65536'),(4,'mapreduce.shuffle.transfer.buffer.size','131072'),(4,'mapreduce.task.combine.progress.records','10000'),(4,'mapreduce.task.files.preserve.failedtasks','false'),(4,'mapreduce.task.io.sort.factor','10'),(4,'mapreduce.task.io.sort.mb','100'),(4,'mapreduce.task.merge.progress.records','10000'),(4,'mapreduce.task.partition','0'),(4,'mapreduce.task.profile','false'),(4,'mapreduce.task.profile.map.params','${mapreduce.task.profile.params}'),(4,'mapreduce.task.profile.maps','0-2'),(4,'mapreduce.task.profile.params','-agentlib:hprof=cpu=samples,heap=sites,force=n,thread=y,verbose=n,file=%s'),(4,'mapreduce.task.profile.reduce.params','${mapreduce.task.profile.params}'),(4,'mapreduce.task.profile.reduces','0-2'),(4,'mapreduce.task.skip.start.attempts','2'),(4,'mapreduce.task.timeout','600000'),(4,'mapreduce.task.userlog.limit.kb','0'),(4,'mapreduce.tasktracker.dns.interface','default'),(4,'mapreduce.tasktracker.dns.nameserver','default'),(4,'mapreduce.tasktracker.healthchecker.interval','60000'),(4,'mapreduce.tasktracker.healthchecker.script.timeout','600000'),(4,'mapreduce.tasktracker.http.address','0.0.0.0:50060'),(4,'mapreduce.tasktracker.http.threads','40'),(4,'mapreduce.tasktracker.indexcache.mb','10'),(4,'mapreduce.tasktracker.instrumentation','org.apache.hadoop.mapred.TaskTrackerMetricsInst'),(4,'mapreduce.tasktracker.local.dir.minspacekill','0'),(4,'mapreduce.tasktracker.local.dir.minspacestart','0'),(4,'mapreduce.tasktracker.map.tasks.maximum','2'),(4,'mapreduce.tasktracker.outofband.heartbeat','false'),(4,'mapreduce.tasktracker.reduce.tasks.maximum','2'),(4,'mapreduce.tasktracker.report.address','127.0.0.1:0'),(4,'mapreduce.tasktracker.taskcontroller','org.apache.hadoop.mapred.DefaultTaskController'),(4,'mapreduce.tasktracker.taskmemorymanager.monitoringinterval','5000'),(4,'mapreduce.tasktracker.tasks.sleeptimebeforesigkill','5000'),(4,'morphling.channel.queue.size','1000000'),(4,'morphling.enable.exactly.once','false'),(4,'morphling.hdfs.flush.interval.ms','60000'),(4,'morphling.hdfs.flush.size','100000'),(4,'morphling.infinitewindow.reduce.tasks','-1'),(4,'morphling.is.cube.application','false'),(4,'morphling.job.checkpoint.interval','60000'),(4,'morphling.job.checkpoint.timeout','60000'),(4,'morphling.job.enable.auto.failover','false'),(4,'morphling.job.enable.checkpoint','false'),(4,'morphling.job.enable.wal.sink','false'),(4,'morphling.job.failover.strategy','all'),(4,'morphling.maponly.groupby','false'),(4,'morphling.maxlag.on.disorder','-1'),(4,'morphling.metrics.enabled','false'),(4,'morphling.multi.output.enabled','false'),(4,'morphling.onheap.agg.size','1000000'),(4,'morphling.ptf.auto.emit','false'),(4,'morphling.record.flush.interval.ms','0'),(4,'morphling.record.flush.size','0'),(4,'morphling.result.auto.flush','false'),(4,'morphling.shuffle.flush.interval','0'),(4,'morphling.task.max.failures','-1'),(4,'net.topology.impl','org.apache.hadoop.net.NetworkTopology'),(4,'net.topology.node.switch.mapping.impl','org.apache.hadoop.net.ScriptBasedMapping'),(4,'net.topology.script.file.name','/usr/lib/transwarp/scripts/rack_map.sh'),(4,'net.topology.script.number.args','100'),(4,'next.timeout.iterator.enabled','false'),(4,'next.timeout.iterator.interval.rows','100'),(4,'next.timeout.iterator.scheduler.period','10000'),(4,'next.timeout.iterator.timeout.period','120000'),(4,'nfs.allow.insecure.ports','true'),(4,'nfs.dump.dir','/tmp/.hdfs-nfs'),(4,'nfs.exports.allowed.hosts','* rw'),(4,'nfs.mountd.port','4242'),(4,'nfs.rtmax','1048576'),(4,'nfs.server.port','2049'),(4,'nfs.wtmax','1048576'),(4,'ngmr.aggr.serde','true'),(4,'ngmr.annotate.statistics','true'),(4,'ngmr.batchsize','256'),(4,'ngmr.compile.cache','true'),(4,'ngmr.compile.cache.size','40'),(4,'ngmr.dd.local.mode.auto','true'),(4,'ngmr.dynamic.partition.merge','false'),(4,'ngmr.escape.encode','true'),(4,'ngmr.exec.mode','cluster'),(4,'ngmr.exec.treat.default.part.as.null','true'),(4,'ngmr.filesystem.cache.disabled','true'),(4,'ngmr.hdfs.filesystem.cache.disabled','true'),(4,'ngmr.int.runlength','2'),(4,'ngmr.local.job.record.timeout.ms','60000'),(4,'ngmr.local.skip.copy.conf','false'),(4,'ngmr.local.split','false'),(4,'ngmr.metacache','false'),(4,'ngmr.metacache.level','none'),(4,'ngmr.metacache.server.maxsize','1000'),(4,'ngmr.metacache.server.timeout.ms','3600000'),(4,'ngmr.minmaxfilter.insert.delta.threshold','1000'),(4,'ngmr.nested.transaction','false'),(4,'ngmr.o4','false'),(4,'ngmr.o4.groupby','false'),(4,'ngmr.o4.intersect','false'),(4,'ngmr.o4.join','false'),(4,'ngmr.o4.mem','false'),(4,'ngmr.o4.merge','false'),(4,'ngmr.o4.orc','false'),(4,'ngmr.o4.torc.allowed','true'),(4,'ngmr.o4.udf','false'),(4,'ngmr.o4.union','false'),(4,'ngmr.partition.table.cache','false'),(4,'ngmr.partition.table.cache.check.mod','false'),(4,'ngmr.ppd','true'),(4,'ngmr.query.result.line.delim','\n'),(4,'ngmr.query.result.serde.enabled','false'),(4,'ngmr.reader.dictfilter','true'),(4,'ngmr.reader.minmaxfilter','false'),(4,'ngmr.reader.minmaxfilter.torc.allowed','true'),(4,'ngmr.reader.rowfilter','false'),(4,'ngmr.splits.reduce','0'),(4,'ngmr.sql.analyze','false'),(4,'ngmr.transaction.readcommitted','false'),(4,'ngmr.transaction.readuncommitted','true'),(4,'ngmr.using.stats','false'),(4,'ngmr.vector.size','1024'),(4,'opt','off'),(4,'orc.bloom.filter.dist.scale','1.0'),(4,'orc.bloom.filter.fpp','0.05'),(4,'orc.columnreader','false'),(4,'orc.compact.auto.analyze','true'),(4,'orc.compact.blacklist.threshold','3'),(4,'orc.compact.kerberos.conf','/etc/krb5.conf'),(4,'orc.compact.service.check.interval','300'),(4,'orc.compact.service.provider','metastore'),(4,'orc.compact.thread.check.interval','300'),(4,'orc.compact.without.lock','false'),(4,'orc.compactor.initiator.on','true'),(4,'orc.compactor.worker.threads','2'),(4,'orc.crud.nonexistent.part.opt','true'),(4,'orc.crud.optimized','true'),(4,'orc.crud.optimized.reader','true'),(4,'orc.ctc.in.conf','false'),(4,'orc.independent.writer','true'),(4,'orc.less.ctc','true'),(4,'orc.merge.mode','false'),(4,'orc.mergeinsert.inheap.rows','10000'),(4,'orc.skip.flush.length','true'),(4,'parquet.memory.pool.ratio','0.5'),(4,'partition.crud.validate.check.and.cast','true'),(4,'plsql.cache.output','false'),(4,'plsql.catch.hive.exception','false'),(4,'plsql.check.driver.env','true'),(4,'plsql.client.dialect','oracle'),(4,'plsql.compile.dml.check.semantic','true'),(4,'plsql.cursor.local.job.record.timeout.weight','100'),(4,'plsql.link.hooks','org.apache.hadoop.hive.ql.pl.parse.hooks.PLAnonExecHook'),(4,'plsql.linkhook.throw.exceptions','false'),(4,'plsql.optimize.dml.precompile','false'),(4,'plsql.optimize.dml.precompile.deopt','true'),(4,'plsql.process.strict','false'),(4,'plsql.reserve.create.force.ifnotexists','false'),(4,'plsql.reserve.in.upgrade.mode','false'),(4,'plsql.runtime.profile','false'),(4,'plsql.server.dialect','oracle'),(4,'plsql.show.sqlresults','false'),(4,'plsql.use.slash','false'),(4,'rabbitmq.autoack','true'),(4,'rabbitmq.autodelete','false'),(4,'rabbitmq.durable','false'),(4,'rabbitmq.exclusive','false'),(4,'rabbitmq.internal','false'),(4,'rabbitmq.message.buffersize','10000'),(4,'rabbitmq.password','guest'),(4,'rabbitmq.port','5672'),(4,'rabbitmq.username','guest'),(4,'rabbitmq.virtualhost','/'),(4,'raid.distraid.max.files','300'),(4,'raid.distraid.max.jobs','10'),(4,'raidnode.files.fix.per.job','500'),(4,'range.partition.crud.check.last.range','false'),(4,'range.partition.insert.check.last.range','true'),(4,'rocketmq.adjustthreadpoolnumsthreshold','-1'),(4,'rocketmq.consumeconcurrentlymaxspan','-1'),(4,'rocketmq.consumefromwhere','first'),(4,'rocketmq.consumemessagebatchmaxsize','-1'),(4,'rocketmq.consumertype','push'),(4,'rocketmq.consumethreadmax','-1'),(4,'rocketmq.consumethreadmin','-1'),(4,'rocketmq.message.buffersize','10000'),(4,'rocketmq.message.pullmaxnums','32'),(4,'rocketmq.pullbatchsize','-1'),(4,'rocketmq.pullthresholdforqueue','-1'),(4,'rocketmq.pushlistenertype','order'),(4,'rpc.metrics.quantile.enable','false'),(4,'rubik.persistence.database','rubik1'),(4,'s3.blocksize','67108864'),(4,'s3.bytes-per-checksum','512'),(4,'s3.client-write-packet-size','65536'),(4,'s3.replication','3'),(4,'s3.stream-buffer-size','4096'),(4,'s3native.blocksize','67108864'),(4,'s3native.bytes-per-checksum','512'),(4,'s3native.client-write-packet-size','65536'),(4,'s3native.replication','3'),(4,'s3native.stream-buffer-size','4096'),(4,'server.dialect','oracle'),(4,'server.dialect.parser.oracle','false'),(4,'server.dialect.td.varchar2.trim.end','true'),(4,'service.registrant','hive'),(4,'service.startup.user','hive'),(4,'spark.guardian.enabled','true'),(4,'spark.logging.dir','/tmp/logging/inceptor'),(4,'spark.logging.enable','false'),(4,'spark.streaming.blockInterval','-1'),(4,'spark.streaming.blockQueueSize','-1'),(4,'spark.streaming.receiver.maxRate','-1'),(4,'spark.ui.guardian.enabled','true'),(4,'standalone.compact.use.mapreduce','true'),(4,'stargate.async.fetch','true'),(4,'stargate.async.fetch.container.size','50000'),(4,'stargate.dynamic.partition.enabled','false'),(4,'stargate.dynamic.partition.retry.interval.ms','1000'),(4,'stargate.dynamic.partition.retry.max.times','4'),(4,'stargate.global.lookup.join.disable.quietly','false'),(4,'stargate.metrics.enabled','true'),(4,'stargate.ppd.dblink','true'),(4,'stream.application.name','default'),(4,'stream.batch.duration.ms','2000'),(4,'stream.driver.enable.autofailover','false'),(4,'stream.driver.ha.node','/InceptorServer2'),(4,'stream.enabled','false'),(4,'stream.number.receivers','-1'),(4,'stream.stderr.reporter.enabled','true'),(4,'stream.stderr.reporter.prefix','reporter:'),(4,'streamsql.backpressure.max.pendingJobs','2'),(4,'streamsql.enable.backpressure.receiver','false'),(4,'streamsql.enable.hdfs.batchflush','false'),(4,'streamsql.eventtime.maxlag.on.disorder','-1'),(4,'streamsql.eventtime.slideduration','1000'),(4,'streamsql.eventtime.zerotime','0'),(4,'streamsql.hdfs.batchflush.interval.ms','60000'),(4,'streamsql.hdfs.batchflush.size','100000'),(4,'streamsql.infinitewindow.numreducers','8'),(4,'streamsql.max.running.sql','1000'),(4,'streamsql.max.running.task','1000'),(4,'streamsql.use.eventmode','false'),(4,'streamsql.use.eventtime','false'),(4,'streamsql.use.optimize.serde','false'),(4,'studio.dao.factory','io.transwarp.studio.persistence.dao.dummy.DummyDaoFactory'),(4,'system.task.pool.name','system'),(4,'text.file.enable.splitable','true'),(4,'tfile.fs.input.buffer.size','262144'),(4,'tfile.fs.output.buffer.size','262144'),(4,'tfile.io.chunk.size','1048576'),(4,'transaction.type','none'),(4,'transwarp.docker.enable','true'),(4,'transwarp.docker.inceptor','node547:10000'),(4,'transwarp.docker.network.hypervisor-subnetmask','255.255.255.255'),(4,'transwarp.docker.network.interfaces','eth0'),(4,'transwarp.docker.network.policy','io.transwarp.docker.DockerNetworkPolicyHostGW'),(4,'union.local.parallel.batch.size','1000'),(4,'union.local.parallel.queue.size','1000'),(4,'union.local.parallel.run','false'),(4,'union.local.parallel.thread.safety.num','200'),(4,'use.ngmr','true'),(4,'use.ngmr.cbo','false'),(4,'use.plsql.timeout.operation','false'),(4,'yarn.acl.enable','false'),(4,'yarn.admin.acl','*'),(4,'yarn.am.liveness-monitor.expiry-interval-ms','600000'),(4,'yarn.app.mapreduce.am.command-opts','-agentpath:/usr/lib/hadoop/bin/libagent.so -Xmx2048m'),(4,'yarn.app.mapreduce.am.container.log.backups','0'),(4,'yarn.app.mapreduce.am.container.log.limit.kb','0'),(4,'yarn.app.mapreduce.am.containerlauncher.threadpool-initial-size','10'),(4,'yarn.app.mapreduce.am.hard-kill-timeout-ms','10000'),(4,'yarn.app.mapreduce.am.job.committer.cancel-timeout','60000'),(4,'yarn.app.mapreduce.am.job.committer.commit-window','10000'),(4,'yarn.app.mapreduce.am.job.task.listener.thread-count','30'),(4,'yarn.app.mapreduce.am.resource.cpu-vcores','1'),(4,'yarn.app.mapreduce.am.resource.mb','1536'),(4,'yarn.app.mapreduce.am.scheduler.heartbeat.interval-ms','1000'),(4,'yarn.app.mapreduce.am.staging-dir','/yarn1/user'),(4,'yarn.app.mapreduce.client-am.ipc.max-retries','3'),(4,'yarn.app.mapreduce.client-am.ipc.max-retries-on-timeouts','3'),(4,'yarn.app.mapreduce.client.job.max-retries','0'),(4,'yarn.app.mapreduce.client.job.retry-interval','2000'),(4,'yarn.app.mapreduce.client.max-retries','3'),(4,'yarn.app.mapreduce.shuffle.log.backups','0'),(4,'yarn.app.mapreduce.shuffle.log.limit.kb','0'),(4,'yarn.app.mapreduce.shuffle.log.separate','true'),(4,'yarn.app.mapreduce.task.container.log.backups','0'),(4,'yarn.application.classpath','/etc/yarn1/conf,/usr/lib/hadoop/*,/usr/lib/hadoop/lib/*,/usr/lib/hadoop-hdfs/*,/usr/lib/hadoop-hdfs/lib/*,/usr/lib/hadoop-yarn/*,/usr/lib/hadoop-yarn/lib/*,/usr/lib/hadoop-mapreduce/*,/usr/lib/hadoop-mapreduce/lib/*'),(4,'yarn.authorization-provider','io.transwarp.guardian.plugins.yarn.GuardianYarnAuthorizer'),(4,'yarn.client.application-client-protocol.poll-interval-ms','200'),(4,'yarn.client.failover-proxy-provider','org.apache.hadoop.yarn.client.ConfiguredRMFailoverProxyProvider'),(4,'yarn.client.failover-retries','0'),(4,'yarn.client.failover-retries-on-socket-timeouts','0'),(4,'yarn.client.max-cached-nodemanagers-proxies','0'),(4,'yarn.client.nodemanager-client-async.thread-pool-max-size','500'),(4,'yarn.client.nodemanager-connect.max-wait-ms','180000'),(4,'yarn.client.nodemanager-connect.retry-interval-ms','10000'),(4,'yarn.dispatcher.drain-events.timeout','300000'),(4,'yarn.fail-fast','false'),(4,'yarn.http.policy','HTTP_ONLY'),(4,'yarn.ipc.rpc.class','org.apache.hadoop.yarn.ipc.HadoopYarnProtoRPC'),(4,'yarn.log-aggregation-enable','false'),(4,'yarn.log-aggregation.retain-check-interval-seconds','-1'),(4,'yarn.log-aggregation.retain-seconds','-1'),(4,'yarn.log.server.url','http://node545:19888/jobhistory/logs/'),(4,'yarn.nm.liveness-monitor.expiry-interval-ms','600000'),(4,'yarn.nodemanager.address','${yarn.nodemanager.hostname}:0'),(4,'yarn.nodemanager.admin-env','MALLOC_ARENA_MAX=$MALLOC_ARENA_MAX'),(4,'yarn.nodemanager.aux-services','mapreduce_shuffle'),(4,'yarn.nodemanager.aux-services.mapreduce_shuffle.class','org.apache.hadoop.mapred.ShuffleHandler'),(4,'yarn.nodemanager.container-executor.class','org.apache.hadoop.yarn.server.nodemanager.DefaultContainerExecutor'),(4,'yarn.nodemanager.container-manager.thread-count','20'),(4,'yarn.nodemanager.container-metrics.unregister-delay-ms','10000'),(4,'yarn.nodemanager.container-monitor.interval-ms','3000'),(4,'yarn.nodemanager.container-monitor.procfs-tree.smaps-based-rss.enabled','false'),(4,'yarn.nodemanager.delete.debug-delay-sec','86400'),(4,'yarn.nodemanager.delete.thread-count','4'),(4,'yarn.nodemanager.disk-health-checker.interval-ms','120000'),(4,'yarn.nodemanager.disk-health-checker.max-disk-utilization-per-disk-percentage','90.0'),(4,'yarn.nodemanager.disk-health-checker.min-free-space-per-disk-mb','0'),(4,'yarn.nodemanager.disk-health-checker.min-healthy-disks','0.25'),(4,'yarn.nodemanager.docker-container-executor.exec-name','/usr/bin/docker'),(4,'yarn.nodemanager.env-whitelist','JAVA_HOME,HADOOP_COMMON_HOME,HADOOP_HDFS_HOME,HADOOP_CONF_DIR,HADOOP_YARN_HOME'),(4,'yarn.nodemanager.health-checker.interval-ms','600000'),(4,'yarn.nodemanager.health-checker.script.timeout-ms','1200000'),(4,'yarn.nodemanager.hostname','0.0.0.0'),(4,'yarn.nodemanager.keytab','/etc/yarn1/conf/yarn.keytab'),(4,'yarn.nodemanager.linux-container-executor.cgroups.hierarchy','/hadoop-yarn'),(4,'yarn.nodemanager.linux-container-executor.cgroups.mount','false'),(4,'yarn.nodemanager.linux-container-executor.cgroups.strict-resource-usage','false'),(4,'yarn.nodemanager.linux-container-executor.group','yarn'),(4,'yarn.nodemanager.linux-container-executor.nonsecure-mode.limit-users','true'),(4,'yarn.nodemanager.linux-container-executor.nonsecure-mode.local-user','nobody'),(4,'yarn.nodemanager.linux-container-executor.nonsecure-mode.user-pattern','^[_.A-Za-z0-9][-@_.A-Za-z0-9]{0,255}?[$]?$'),(4,'yarn.nodemanager.linux-container-executor.resources-handler.class','org.apache.hadoop.yarn.server.nodemanager.util.DefaultLCEResourcesHandler'),(4,'yarn.nodemanager.local-cache.max-files-per-directory','8192'),(4,'yarn.nodemanager.local-dirs','/vdir/mnt/disk1/hadoop/yarn/local'),(4,'yarn.nodemanager.localizer.address','${yarn.nodemanager.hostname}:8040'),(4,'yarn.nodemanager.localizer.cache.cleanup.interval-ms','600000'),(4,'yarn.nodemanager.localizer.cache.target-size-mb','10240'),(4,'yarn.nodemanager.localizer.client.thread-count','5'),(4,'yarn.nodemanager.localizer.fetch.thread-count','4'),(4,'yarn.nodemanager.log-aggregation.compression-type','none'),(4,'yarn.nodemanager.log-aggregation.roll-monitoring-interval-seconds','-1'),(4,'yarn.nodemanager.log-dirs','/vdir/mnt/disk1/hadoop/yarn/logs'),(4,'yarn.nodemanager.log.retain-seconds','10800'),(4,'yarn.nodemanager.pmem-check-enabled','false'),(4,'yarn.nodemanager.principal','yarn/_HOST@TDH'),(4,'yarn.nodemanager.process-kill-wait.ms','2000'),(4,'yarn.nodemanager.recovery.compaction-interval-secs','3600'),(4,'yarn.nodemanager.recovery.dir','${hadoop.tmp.dir}/yarn-nm-recovery'),(4,'yarn.nodemanager.recovery.enabled','false'),(4,'yarn.nodemanager.remote-app-log-dir','/yarn1/var/log/hadoop-yarn/apps'),(4,'yarn.nodemanager.remote-app-log-dir-suffix','logs'),(4,'yarn.nodemanager.resource.cpu-vcores','3'),(4,'yarn.nodemanager.resource.memory-mb','  4096'),(4,'yarn.nodemanager.resource.percentage-physical-cpu-limit','100'),(4,'yarn.nodemanager.resourcemanager.minimum.version','NONE'),(4,'yarn.nodemanager.sleep-delay-before-sigkill.ms','250'),(4,'yarn.nodemanager.vmem-check-enabled','false'),(4,'yarn.nodemanager.vmem-pmem-ratio','2.1'),(4,'yarn.nodemanager.webapp.address','${yarn.nodemanager.hostname}:8042'),(4,'yarn.nodemanager.webapp.cross-origin.enabled','false'),(4,'yarn.nodemanager.windows-container.cpu-limit.enabled','false'),(4,'yarn.nodemanager.windows-container.memory-limit.enabled','false'),(4,'yarn.resourcemanager.address','${yarn.resourcemanager.hostname}:8032'),(4,'yarn.resourcemanager.address.rm1','node545:8032'),(4,'yarn.resourcemanager.address.rm2','node546:8032'),(4,'yarn.resourcemanager.admin.address','${yarn.resourcemanager.hostname}:8033'),(4,'yarn.resourcemanager.admin.address.rm1','node545:8033'),(4,'yarn.resourcemanager.admin.address.rm2','node546:8033'),(4,'yarn.resourcemanager.admin.client.thread-count','1'),(4,'yarn.resourcemanager.am-rm-tokens.master-key-rolling-interval-secs','86400'),(4,'yarn.resourcemanager.am.max-attempts','2'),(4,'yarn.resourcemanager.amlauncher.thread-count','50'),(4,'yarn.resourcemanager.client.thread-count','50'),(4,'yarn.resourcemanager.cluster-id','yarn1-cluster'),(4,'yarn.resourcemanager.configuration.provider-class','io.transwarp.guardian.plugins.yarn.GuardianYarnConfigurationProvider'),(4,'yarn.resourcemanager.connect.max-wait.ms','900000'),(4,'yarn.resourcemanager.connect.retry-interval.ms','30000'),(4,'yarn.resourcemanager.container-tokens.master-key-rolling-interval-secs','86400'),(4,'yarn.resourcemanager.container.liveness-monitor.interval-ms','600000'),(4,'yarn.resourcemanager.delayed.delegation-token.removal-interval-ms','30000'),(4,'yarn.resourcemanager.fail-fast','${yarn.fail-fast}'),(4,'yarn.resourcemanager.fs.state-store.num-retries','0'),(4,'yarn.resourcemanager.fs.state-store.retry-interval-ms','1000'),(4,'yarn.resourcemanager.fs.state-store.retry-policy-spec','2000, 500'),(4,'yarn.resourcemanager.fs.state-store.uri','${hadoop.tmp.dir}/yarn/system/rmstore'),(4,'yarn.resourcemanager.ha.automatic-failover.embedded','true'),(4,'yarn.resourcemanager.ha.automatic-failover.enabled','true'),(4,'yarn.resourcemanager.ha.automatic-failover.zk-base-path','/yarn-leader-election'),(4,'yarn.resourcemanager.ha.enabled','true'),(4,'yarn.resourcemanager.ha.rm-ids','rm1,rm2'),(4,'yarn.resourcemanager.hostname','0.0.0.0'),(4,'yarn.resourcemanager.keytab','/etc/yarn1/conf/yarn.keytab'),(4,'yarn.resourcemanager.leveldb-state-store.compaction-interval-secs','3600'),(4,'yarn.resourcemanager.leveldb-state-store.path','${hadoop.tmp.dir}/yarn/system/rmstore'),(4,'yarn.resourcemanager.max-completed-applications','10000'),(4,'yarn.resourcemanager.nodemanager-connect-retries','10'),(4,'yarn.resourcemanager.nodemanager.minimum.version','NONE'),(4,'yarn.resourcemanager.nodemanagers.heartbeat-interval-ms','1000'),(4,'yarn.resourcemanager.nodes.exclude-path','/etc/yarn1/conf/yarn.exclude'),(4,'yarn.resourcemanager.principal','yarn/_HOST@TDH'),(4,'yarn.resourcemanager.proxy-user-privileges.enabled','false'),(4,'yarn.resourcemanager.recovery.enabled','true'),(4,'yarn.resourcemanager.resource-tracker.address','${yarn.resourcemanager.hostname}:8031'),(4,'yarn.resourcemanager.resource-tracker.address.rm1','node545:8031'),(4,'yarn.resourcemanager.resource-tracker.address.rm2','node546:8031'),(4,'yarn.resourcemanager.resource-tracker.client.thread-count','50'),(4,'yarn.resourcemanager.scheduler.address','${yarn.resourcemanager.hostname}:8030'),(4,'yarn.resourcemanager.scheduler.address.rm1','node545:8030'),(4,'yarn.resourcemanager.scheduler.address.rm2','node546:8030'),(4,'yarn.resourcemanager.scheduler.class','org.apache.hadoop.yarn.server.resourcemanager.scheduler.capacity.CapacityScheduler'),(4,'yarn.resourcemanager.scheduler.client.thread-count','50'),(4,'yarn.resourcemanager.scheduler.monitor.enable','false'),(4,'yarn.resourcemanager.scheduler.monitor.policies','org.apache.hadoop.yarn.server.resourcemanager.monitor.capacity.ProportionalCapacityPreemptionPolicy'),(4,'yarn.resourcemanager.state-store.max-completed-applications','${yarn.resourcemanager.max-completed-applications}'),(4,'yarn.resourcemanager.store.class','org.apache.hadoop.yarn.server.resourcemanager.recovery.ZKRMStateStore'),(4,'yarn.resourcemanager.system-metrics-publisher.dispatcher.pool-size','10'),(4,'yarn.resourcemanager.system-metrics-publisher.enabled','false'),(4,'yarn.resourcemanager.webapp.address','${yarn.resourcemanager.hostname}:8088'),(4,'yarn.resourcemanager.webapp.address.rm1','node545:8088'),(4,'yarn.resourcemanager.webapp.address.rm2','node546:8088'),(4,'yarn.resourcemanager.webapp.cross-origin.enabled','false'),(4,'yarn.resourcemanager.webapp.delegation-token-auth-filter.enabled','true'),(4,'yarn.resourcemanager.webapp.https.address','${yarn.resourcemanager.hostname}:8090'),(4,'yarn.resourcemanager.work-preserving-recovery.enabled','true'),(4,'yarn.resourcemanager.work-preserving-recovery.scheduling-wait-ms','10000'),(4,'yarn.resourcemanager.zk-acl','world:anyone:rwcda'),(4,'yarn.resourcemanager.zk-address','node545:2181,node546:2181,node547:2181'),(4,'yarn.resourcemanager.zk-num-retries','1000'),(4,'yarn.resourcemanager.zk-retry-interval-ms','1000'),(4,'yarn.resourcemanager.zk-state-store.parent-path','/rmstore-yarn1'),(4,'yarn.resourcemanager.zk-timeout-ms','10000'),(4,'yarn.scheduler.maximum-allocation-mb','98304'),(4,'yarn.scheduler.maximum-allocation-vcores','96'),(4,'yarn.scheduler.minimum-allocation-mb','1024'),(4,'yarn.scheduler.minimum-allocation-vcores','1'),(4,'yarn.service.id','yarn1'),(4,'yarn.sharedcache.admin.address','0.0.0.0:8047'),(4,'yarn.sharedcache.admin.thread-count','1'),(4,'yarn.sharedcache.app-checker.class','org.apache.hadoop.yarn.server.sharedcachemanager.RemoteAppChecker'),(4,'yarn.sharedcache.checksum.algo.impl','org.apache.hadoop.yarn.sharedcache.ChecksumSHA256Impl'),(4,'yarn.sharedcache.cleaner.initial-delay-mins','10'),(4,'yarn.sharedcache.cleaner.period-mins','1440'),(4,'yarn.sharedcache.cleaner.resource-sleep-ms','0'),(4,'yarn.sharedcache.client-server.address','0.0.0.0:8045'),(4,'yarn.sharedcache.client-server.thread-count','50'),(4,'yarn.sharedcache.enabled','false'),(4,'yarn.sharedcache.nested-level','3'),(4,'yarn.sharedcache.nm.uploader.replication.factor','10'),(4,'yarn.sharedcache.nm.uploader.thread-count','20'),(4,'yarn.sharedcache.root-dir','/sharedcache'),(4,'yarn.sharedcache.store.class','org.apache.hadoop.yarn.server.sharedcachemanager.store.InMemorySCMStore'),(4,'yarn.sharedcache.store.in-memory.check-period-mins','720'),(4,'yarn.sharedcache.store.in-memory.initial-delay-mins','10'),(4,'yarn.sharedcache.store.in-memory.staleness-period-mins','10080'),(4,'yarn.sharedcache.uploader.server.address','0.0.0.0:8046'),(4,'yarn.sharedcache.uploader.server.thread-count','50'),(4,'yarn.sharedcache.webapp.address','0.0.0.0:8788'),(4,'yarn.timeline-service.address','${yarn.timeline-service.hostname}:10200'),(4,'yarn.timeline-service.client.best-effort','false'),(4,'yarn.timeline-service.client.max-retries','30'),(4,'yarn.timeline-service.client.retry-interval-ms','1000'),(4,'yarn.timeline-service.enabled','false'),(4,'yarn.timeline-service.generic-application-history.max-applications','10000'),(4,'yarn.timeline-service.handler-thread-count','10'),(4,'yarn.timeline-service.hostname','node547'),(4,'yarn.timeline-service.http-authentication.kerberos.keytab','/etc/yarn1/conf/yarn.keytab'),(4,'yarn.timeline-service.http-authentication.kerberos.principal','HTTP/_HOST@TDH'),(4,'yarn.timeline-service.http-authentication.simple.anonymous.allowed','true'),(4,'yarn.timeline-service.http-authentication.type','kerberos'),(4,'yarn.timeline-service.keytab','/etc/yarn1/conf/yarn.keytab'),(4,'yarn.timeline-service.leveldb-state-store.path','${hadoop.tmp.dir}/yarn/timeline'),(4,'yarn.timeline-service.leveldb-timeline-store.path','${hadoop.tmp.dir}/yarn/timeline'),(4,'yarn.timeline-service.leveldb-timeline-store.read-cache-size','104857600'),(4,'yarn.timeline-service.leveldb-timeline-store.start-time-read-cache-size','10000'),(4,'yarn.timeline-service.leveldb-timeline-store.start-time-write-cache-size','10000'),(4,'yarn.timeline-service.leveldb-timeline-store.ttl-interval-ms','300000'),(4,'yarn.timeline-service.principal','yarn/_HOST@TDH'),(4,'yarn.timeline-service.recovery.enabled','false'),(4,'yarn.timeline-service.state-store-class','org.apache.hadoop.yarn.server.timeline.recovery.LeveldbTimelineStateStore'),(4,'yarn.timeline-service.store-class','org.apache.hadoop.yarn.server.timeline.LeveldbTimelineStore'),(4,'yarn.timeline-service.ttl-enable','true'),(4,'yarn.timeline-service.ttl-ms','604800000'),(4,'yarn.timeline-service.webapp.address','node547:8188'),(4,'yarn.timeline-service.webapp.https.address','node547:8190'),(4,'zookeeper.session.timeout','180000'),(4,'zookeeper.znode.parent','/hyperbase1');
/*!40000 ALTER TABLE `gs_service_conf` ENABLE KEYS */;
UNLOCK TABLES;

--
-- Table structure for table `gs_service_reg`
--

DROP TABLE IF EXISTS `gs_service_reg`;
/*!40101 SET @saved_cs_client     = @@character_set_client */;
/*!40101 SET character_set_client = utf8 */;
CREATE TABLE `gs_service_reg` (
  `service_id` bigint(20) unsigned NOT NULL,
  `service_host` varchar(255) NOT NULL,
  `timestamp` bigint(20) unsigned DEFAULT NULL,
  PRIMARY KEY (`service_id`,`service_host`),
  CONSTRAINT `fk_gs_service_service_id` FOREIGN KEY (`service_id`) REFERENCES `gs_service` (`service_id`) ON DELETE CASCADE ON UPDATE CASCADE
) ENGINE=InnoDB DEFAULT CHARSET=utf8 COMMENT='This table is used for service registration records.';
/*!40101 SET character_set_client = @saved_cs_client */;

--
-- Dumping data for table `gs_service_reg`
--

LOCK TABLES `gs_service_reg` WRITE;
/*!40000 ALTER TABLE `gs_service_reg` DISABLE KEYS */;
INSERT INTO `gs_service_reg` VALUES (1,'node545',1600331111631),(1,'node546',1600331112225),(2,'node545',1600331165625),(2,'node546',1600331165420),(3,'node545',1600331276647),(3,'node546',1600331283194),(3,'node547',1600331579244),(4,'node547',1600331516431);
/*!40000 ALTER TABLE `gs_service_reg` ENABLE KEYS */;
UNLOCK TABLES;

--
-- Table structure for table `gs_statement_resources`
--

DROP TABLE IF EXISTS `gs_statement_resources`;
/*!40101 SET @saved_cs_client     = @@character_set_client */;
/*!40101 SET character_set_client = utf8 */;
CREATE TABLE `gs_statement_resources` (
  `statement_id` bigint(20) unsigned NOT NULL,
  `resource_id` bigint(20) unsigned NOT NULL,
  `negative` int(11) NOT NULL DEFAULT '0',
  `heritable` int(11) NOT NULL DEFAULT '0',
  PRIMARY KEY (`statement_id`,`resource_id`),
  KEY `gs_statement_resources_resource_id_idx` (`resource_id`),
  CONSTRAINT `gs_statement_resources_resource_id` FOREIGN KEY (`resource_id`) REFERENCES `gs_resources` (`resource_id`) ON DELETE CASCADE ON UPDATE CASCADE,
  CONSTRAINT `gs_statement_resources_statement_id` FOREIGN KEY (`statement_id`) REFERENCES `gs_policy_statement` (`statement_id`) ON DELETE CASCADE ON UPDATE CASCADE
) ENGINE=InnoDB DEFAULT CHARSET=utf8;
/*!40101 SET character_set_client = @saved_cs_client */;

--
-- Dumping data for table `gs_statement_resources`
--

LOCK TABLES `gs_statement_resources` WRITE;
/*!40000 ALTER TABLE `gs_statement_resources` DISABLE KEYS */;
/*!40000 ALTER TABLE `gs_statement_resources` ENABLE KEYS */;
UNLOCK TABLES;

--
-- Table structure for table `gs_tree_paths`
--

DROP TABLE IF EXISTS `gs_tree_paths`;
/*!40101 SET @saved_cs_client     = @@character_set_client */;
/*!40101 SET character_set_client = utf8 */;
CREATE TABLE `gs_tree_paths` (
  `ancestor` bigint(20) unsigned NOT NULL,
  `descendant` bigint(20) unsigned NOT NULL,
  `level` bigint(20) unsigned NOT NULL DEFAULT '0',
  PRIMARY KEY (`ancestor`,`descendant`),
  KEY `gs_tree_paths_descendant_idx` (`descendant`),
  CONSTRAINT `gs_tree_paths_ancestor` FOREIGN KEY (`ancestor`) REFERENCES `gs_resource_nodes` (`node_id`) ON DELETE CASCADE ON UPDATE CASCADE,
  CONSTRAINT `gs_tree_paths_descendant` FOREIGN KEY (`descendant`) REFERENCES `gs_resource_nodes` (`node_id`) ON DELETE CASCADE ON UPDATE CASCADE
) ENGINE=InnoDB DEFAULT CHARSET=utf8 COMMENT='The closure table used to store the tree relationship for the resource nodes.';
/*!40101 SET character_set_client = @saved_cs_client */;

--
-- Dumping data for table `gs_tree_paths`
--

LOCK TABLES `gs_tree_paths` WRITE;
/*!40000 ALTER TABLE `gs_tree_paths` DISABLE KEYS */;
/*!40000 ALTER TABLE `gs_tree_paths` ENABLE KEYS */;
UNLOCK TABLES;

--
-- Table structure for table `gs_user_label`
--

DROP TABLE IF EXISTS `gs_user_label`;
/*!40101 SET @saved_cs_client     = @@character_set_client */;
/*!40101 SET character_set_client = utf8 */;
CREATE TABLE `gs_user_label` (
  `user_name` varchar(100) NOT NULL,
  `label_id` bigint(20) unsigned NOT NULL,
  PRIMARY KEY (`user_name`,`label_id`),
  KEY `label_id` (`label_id`),
  CONSTRAINT `gs_user_label_ibfk_1` FOREIGN KEY (`label_id`) REFERENCES `gs_label` (`label_id`) ON DELETE CASCADE ON UPDATE CASCADE
) ENGINE=InnoDB DEFAULT CHARSET=utf8 COMMENT='This table is used for the relation of user and label.';
/*!40101 SET character_set_client = @saved_cs_client */;

--
-- Dumping data for table `gs_user_label`
--

LOCK TABLES `gs_user_label` WRITE;
/*!40000 ALTER TABLE `gs_user_label` DISABLE KEYS */;
/*!40000 ALTER TABLE `gs_user_label` ENABLE KEYS */;
UNLOCK TABLES;

--
-- Dumping routines for database 'guardian'
--
/*!40103 SET TIME_ZONE=@OLD_TIME_ZONE */;

/*!40101 SET SQL_MODE=@OLD_SQL_MODE */;
/*!40014 SET FOREIGN_KEY_CHECKS=@OLD_FOREIGN_KEY_CHECKS */;
/*!40014 SET UNIQUE_CHECKS=@OLD_UNIQUE_CHECKS */;
/*!40101 SET CHARACTER_SET_CLIENT=@OLD_CHARACTER_SET_CLIENT */;
/*!40101 SET CHARACTER_SET_RESULTS=@OLD_CHARACTER_SET_RESULTS */;
/*!40101 SET COLLATION_CONNECTION=@OLD_COLLATION_CONNECTION */;
/*!40111 SET SQL_NOTES=@OLD_SQL_NOTES */;

-- Dump completed on 2020-09-17 17:12:49
